school,sex,age,address,famsize,Pstatus,Medu,Fedu,Mjob,Fjob,reason,guardian,traveltime,studytime,failures,schoolsup,famsup,paid,activities,nursery,higher,internet,romantic,famrel,freetime,goout,Dalc,Walc,health,absences,G1,G2,G3,school_C,sex_C,age_C,address_C,famsize_C,Pstatus_C,Medu_C,Fedu_C,Mjob_C,Fjob_C,reason_C,guardian_C,traveltime_C,studytime_C,failures_C,schoolsup_C,famsup_C,paid_C,activities_C,nursery_C,higher_C,internet_C,romantic_C,famrel_C,freetime_C,goout_C,Dalc_C,Walc_C,health_C,absences_C,G1_C,G2_C,G3_C,rank,truth,prediction
GP,M,16,U,GT3,T,4,3,health,services,reputation,mother,1,4,0,no,no,no,yes,yes,yes,yes,no,4,2,2,1,1,2,4,19,19,20,0,0,0,0,1,0,4,3,1,2,1,0,1,4,0,1,1,1,0,0,0,0,1,4,2,2,1,1,2,0,3,3,3,1,True,True
GP,M,15,U,LE3,A,3,2,services,other,home,mother,1,2,0,no,yes,yes,no,yes,yes,yes,no,4,2,2,1,1,1,0,16,18,19,0,0,0,0,0,1,3,2,2,4,0,0,1,2,0,1,0,0,1,0,0,0,1,4,2,2,1,1,1,0,3,3,3,2,True,True
GP,M,15,U,LE3,A,4,4,teacher,teacher,course,mother,1,1,0,no,no,no,yes,yes,yes,yes,no,5,5,3,1,1,4,6,18,19,19,0,0,0,0,0,1,4,4,0,0,2,0,1,1,0,1,1,1,0,0,0,0,1,5,5,3,1,1,4,0,3,3,3,3,False,True
GP,M,15,U,LE3,T,4,2,teacher,other,course,mother,1,1,0,no,no,no,no,yes,yes,yes,no,3,5,2,1,1,3,10,18,19,19,0,0,0,0,0,0,4,2,0,4,2,0,1,1,0,1,1,1,1,0,0,0,1,3,5,2,1,1,3,0,3,3,3,4,False,True
GP,F,18,U,GT3,T,2,2,at_home,at_home,other,mother,1,3,0,no,yes,yes,no,yes,yes,yes,no,4,3,3,1,2,2,5,18,18,19,0,1,0,0,1,0,2,2,3,3,3,0,1,3,0,1,0,0,1,0,0,0,1,4,3,3,1,2,2,0,3,3,3,5,False,False
MS,F,18,R,LE3,T,4,4,other,other,reputation,mother,2,3,0,no,no,no,no,yes,yes,yes,no,5,4,4,1,1,1,0,19,18,19,1,1,0,1,0,0,4,4,4,4,1,0,2,3,0,1,1,1,1,0,0,0,1,5,4,4,1,1,1,0,3,3,3,6,False,True
GP,M,15,U,LE3,T,4,3,teacher,services,home,mother,1,3,0,no,yes,no,yes,yes,yes,yes,no,5,4,3,1,1,4,2,15,16,18,0,0,0,0,0,0,4,3,0,2,0,0,1,3,0,1,0,1,0,0,0,0,1,5,4,3,1,1,4,0,2,3,3,7,True,True
GP,M,15,U,GT3,T,4,4,services,teacher,course,father,1,2,0,no,yes,no,yes,yes,yes,yes,no,4,3,3,1,1,5,2,19,18,18,0,0,0,0,1,0,4,4,2,0,2,1,1,2,0,1,0,1,0,0,0,0,1,4,3,3,1,1,5,0,3,3,3,8,True,True
GP,F,15,U,GT3,T,4,3,services,other,reputation,mother,1,1,0,no,no,yes,yes,yes,yes,yes,no,4,5,5,1,3,1,4,16,17,18,0,1,0,0,1,0,4,3,2,4,1,0,1,1,0,1,1,0,0,0,0,0,1,4,5,5,1,3,1,0,3,3,3,9,True,True
GP,M,15,U,GT3,A,3,4,services,other,course,mother,1,2,0,no,yes,yes,yes,yes,yes,yes,no,5,4,4,1,1,1,0,16,18,18,0,0,0,0,1,1,3,4,2,4,2,0,1,2,0,1,0,0,0,0,0,0,1,5,4,4,1,1,1,0,3,3,3,10,True,True
GP,M,16,U,GT3,T,3,3,services,other,home,father,1,3,0,no,yes,no,yes,yes,yes,yes,no,5,3,3,1,1,5,2,16,18,18,0,0,0,0,1,0,3,3,2,4,0,1,1,3,0,1,0,1,0,0,0,0,1,5,3,3,1,1,5,0,3,3,3,11,False,True
GP,M,16,R,GT3,T,4,4,teacher,teacher,course,mother,1,1,0,no,no,yes,yes,yes,yes,yes,no,3,5,5,2,5,4,8,18,18,18,0,0,0,1,1,0,4,4,0,0,2,0,1,1,0,1,1,0,0,0,0,0,1,3,5,5,2,5,4,0,3,3,3,12,True,True
GP,F,17,U,GT3,T,4,4,services,teacher,home,mother,2,1,1,no,yes,no,no,yes,yes,yes,no,4,2,4,2,3,2,24,18,18,18,0,1,0,0,1,0,4,4,2,0,0,0,2,1,1,1,0,1,1,0,0,0,1,4,2,4,2,3,2,0,3,3,3,13,True,False
GP,M,16,U,GT3,T,2,1,other,other,course,mother,3,1,0,no,no,no,no,yes,yes,yes,no,4,3,3,1,1,4,6,18,18,18,0,0,0,0,1,0,2,1,4,4,2,0,3,1,0,1,1,1,1,0,0,0,1,4,3,3,1,1,4,0,3,3,3,14,False,True
GP,F,18,U,GT3,T,4,3,services,other,home,father,1,2,0,no,yes,yes,no,yes,yes,yes,yes,3,1,2,1,3,2,21,17,18,18,0,1,0,0,1,0,4,3,2,4,0,1,1,2,0,1,0,0,1,0,0,0,0,3,1,2,1,3,2,0,3,3,3,15,False,True
GP,F,17,R,LE3,T,3,1,services,other,reputation,mother,2,4,0,no,yes,yes,no,yes,yes,no,no,3,1,2,1,1,3,6,18,18,18,0,1,0,1,0,0,3,1,2,4,1,0,2,4,0,1,0,0,1,0,0,1,1,3,1,2,1,1,3,0,3,3,3,16,False,False
GP,F,17,U,GT3,T,3,2,health,health,reputation,father,1,4,0,no,yes,yes,yes,no,yes,yes,no,5,2,2,1,2,5,0,17,17,18,0,1,0,0,1,0,3,2,1,1,1,1,1,4,0,1,0,0,0,1,0,0,1,5,2,2,1,2,5,0,3,3,3,17,True,True
GP,M,20,U,GT3,A,3,2,services,other,course,other,1,1,0,no,no,no,yes,yes,yes,no,no,5,5,3,1,1,5,0,17,18,18,0,0,1,0,1,1,3,2,2,4,2,2,1,1,0,1,1,1,0,0,0,1,1,5,5,3,1,1,5,0,3,3,3,18,True,True
GP,M,15,U,GT3,T,4,4,services,services,reputation,mother,2,2,0,no,yes,no,yes,yes,yes,yes,no,4,3,1,1,1,5,0,17,16,17,0,0,0,0,1,0,4,4,2,2,1,0,2,2,0,1,0,1,0,0,0,0,1,4,3,1,1,1,5,0,3,3,3,19,True,False
GP,M,16,U,GT3,T,4,4,services,teacher,other,father,1,3,0,no,yes,no,yes,yes,yes,yes,yes,4,4,3,1,1,4,0,16,17,17,0,0,0,0,1,0,4,4,2,0,3,1,1,3,0,1,0,1,0,0,0,0,0,4,4,3,1,1,4,0,3,3,3,20,True,True
GP,F,17,U,GT3,T,2,4,services,services,reputation,father,1,2,0,no,yes,no,yes,yes,yes,no,no,5,4,2,2,3,5,0,16,17,17,0,1,0,0,1,0,2,4,2,2,1,1,1,2,0,1,0,1,0,0,0,1,1,5,4,2,2,3,5,0,3,3,3,21,False,False
GP,F,16,U,GT3,T,2,3,services,teacher,other,mother,1,2,0,yes,no,no,no,yes,yes,yes,no,2,3,1,1,1,3,2,16,16,17,0,1,0,0,1,0,2,3,2,0,3,0,1,2,0,0,1,1,1,0,0,0,1,2,3,1,1,1,3,0,3,3,3,22,True,False
GP,M,18,R,LE3,A,3,4,other,other,reputation,mother,2,2,0,no,yes,yes,yes,yes,yes,yes,no,4,2,5,3,4,1,13,17,17,17,0,0,0,1,0,1,3,4,4,4,1,0,2,2,0,1,0,0,0,0,0,0,1,4,2,5,3,4,1,0,3,3,3,23,False,False
GP,F,18,U,LE3,T,3,3,services,services,home,mother,1,4,0,no,yes,no,no,yes,yes,yes,no,5,3,3,1,1,1,7,16,15,17,0,1,0,0,0,0,3,3,2,2,0,0,1,4,0,1,0,1,1,0,0,0,1,5,3,3,1,1,1,0,3,2,3,24,False,True
GP,M,15,U,GT3,A,2,2,other,other,home,other,1,3,0,no,yes,no,no,yes,yes,yes,yes,4,5,2,1,1,3,0,14,16,16,0,0,0,0,1,1,2,2,4,4,0,2,1,3,0,1,0,1,1,0,0,0,0,4,5,2,1,1,3,0,2,3,3,25,False,False
GP,M,16,U,LE3,T,4,2,teacher,other,course,mother,1,2,0,no,no,no,yes,yes,yes,yes,no,4,5,1,1,3,5,2,15,15,16,0,0,0,0,0,0,4,2,0,4,2,0,1,2,0,1,1,1,0,0,0,0,1,4,5,1,1,3,5,0,2,2,3,26,False,False
GP,M,15,R,GT3,T,4,3,teacher,at_home,course,mother,1,2,0,no,yes,no,yes,yes,yes,yes,yes,4,5,2,1,1,5,0,17,16,16,0,0,0,1,1,0,4,3,0,3,2,0,1,2,0,1,0,1,0,0,0,0,0,4,5,2,1,1,5,0,3,3,3,27,False,True
GP,F,16,U,GT3,T,4,2,services,other,course,mother,1,2,0,no,yes,no,no,yes,yes,yes,no,4,2,3,1,1,5,2,15,16,16,0,1,0,0,1,0,4,2,2,4,2,0,1,2,0,1,0,1,1,0,0,0,1,4,2,3,1,1,5,0,2,3,3,28,True,True
GP,F,15,R,LE3,T,3,1,other,other,reputation,father,2,4,0,no,yes,no,no,no,yes,yes,no,4,4,2,2,3,3,12,16,16,16,0,1,0,1,0,0,3,1,4,4,1,1,2,4,0,1,0,1,1,1,0,0,1,4,4,2,2,3,3,0,3,3,3,29,False,True
GP,F,16,U,LE3,T,4,4,health,health,other,mother,1,3,0,no,yes,yes,yes,yes,yes,yes,yes,5,4,5,1,1,4,4,14,15,16,0,1,0,0,0,0,4,4,1,1,3,0,1,3,0,1,0,0,0,0,0,0,0,5,4,5,1,1,4,0,2,2,3,30,False,True
GP,M,16,U,GT3,T,4,4,teacher,teacher,course,father,1,2,0,no,yes,no,yes,yes,yes,yes,no,5,4,4,1,2,5,2,15,15,16,0,0,0,0,1,0,4,4,0,0,2,1,1,2,0,1,0,1,0,0,0,0,1,5,4,4,1,2,5,0,2,2,3,31,False,False
GP,F,16,U,GT3,T,4,2,health,services,home,father,1,2,0,no,no,yes,no,yes,yes,yes,yes,4,2,3,1,1,3,0,14,15,16,0,1,0,0,1,0,4,2,1,2,0,1,1,2,0,1,1,0,1,0,0,0,0,4,2,3,1,1,3,0,2,2,3,32,True,True
GP,M,16,U,GT3,T,1,0,other,other,reputation,mother,2,2,0,no,yes,yes,yes,yes,yes,yes,yes,4,3,2,1,1,3,2,13,15,16,0,0,0,0,1,0,1,0,4,4,1,0,2,2,0,1,0,0,0,0,0,0,0,4,3,2,1,1,3,0,2,2,3,33,True,False
GP,M,17,U,GT3,T,4,4,services,teacher,home,mother,1,1,0,no,no,no,no,yes,yes,yes,no,5,2,3,1,2,5,4,17,15,16,0,0,0,0,1,0,4,4,2,0,0,0,1,1,0,1,1,1,1,0,0,0,1,5,2,3,1,2,5,0,3,2,3,34,True,True
GP,F,16,U,GT3,T,4,3,health,other,home,mother,1,2,0,no,yes,no,yes,yes,yes,yes,no,4,3,5,1,5,2,2,16,16,16,0,1,0,0,1,0,4,3,1,4,0,0,1,2,0,1,0,1,0,0,0,0,1,4,3,5,1,5,2,0,3,3,3,35,True,True
GP,M,18,U,LE3,T,4,4,teacher,teacher,home,mother,1,1,0,no,yes,yes,no,yes,yes,yes,yes,1,4,2,2,2,1,5,16,15,16,0,0,0,0,0,0,4,4,0,0,0,0,1,1,0,1,0,0,1,0,0,0,0,1,4,2,2,2,1,0,3,2,3,36,False,False
GP,M,17,U,GT3,T,3,3,other,services,reputation,mother,1,1,0,no,no,no,yes,no,yes,yes,no,4,3,5,3,5,5,3,14,15,16,0,0,0,0,1,0,3,3,4,2,1,0,1,1,0,1,1,1,0,1,0,0,1,4,3,5,3,5,5,0,2,2,3,37,False,True
GP,M,18,R,GT3,T,4,3,teacher,services,course,mother,1,3,0,no,no,no,no,yes,yes,yes,yes,5,3,2,1,2,4,9,16,15,16,0,0,0,1,1,0,4,3,0,2,2,0,1,3,0,1,1,1,1,0,0,0,0,5,3,2,1,2,4,0,3,2,3,38,False,True
MS,F,18,U,LE3,T,1,1,at_home,services,course,father,2,3,0,no,no,no,no,yes,yes,yes,no,5,3,2,1,1,4,0,18,16,16,1,1,0,0,0,0,1,1,3,2,2,1,2,3,0,1,1,1,1,0,0,0,1,5,3,2,1,1,4,0,3,3,3,39,False,False
MS,M,17,U,LE3,T,3,1,services,services,course,mother,2,1,0,no,no,no,no,no,yes,yes,no,2,4,5,3,4,2,3,14,16,16,1,0,0,0,0,0,3,1,2,2,2,0,2,1,0,1,1,1,1,1,0,0,1,2,4,5,3,4,2,0,2,3,3,40,False,False
GP,F,15,U,GT3,T,4,2,health,services,home,mother,1,3,0,no,yes,yes,yes,yes,yes,yes,yes,3,2,2,1,1,5,2,15,14,15,0,1,0,0,1,0,4,2,1,2,0,0,1,3,0,1,0,0,0,0,0,0,0,3,2,2,1,1,5,0,2,2,2,41,True,False
GP,M,16,U,LE3,T,4,3,services,other,reputation,mother,1,2,0,no,yes,yes,yes,yes,yes,yes,no,5,4,2,1,2,5,10,15,15,15,0,0,0,0,0,0,4,3,2,4,1,0,1,2,0,1,0,0,0,0,0,0,1,5,4,2,1,2,5,0,2,2,2,42,False,False
GP,M,15,U,GT3,T,3,4,other,other,home,mother,1,2,0,no,yes,yes,yes,yes,yes,yes,no,5,5,1,1,1,5,0,14,15,15,0,0,0,0,1,0,3,4,4,4,0,0,1,2,0,1,0,0,0,0,0,0,1,5,5,1,1,1,5,0,2,2,2,43,False,True
GP,M,15,U,GT3,T,4,3,teacher,other,reputation,mother,1,2,0,no,no,no,no,yes,yes,yes,no,4,4,1,1,1,1,0,13,14,15,0,0,0,0,1,0,4,3,0,4,1,0,1,2,0,1,1,1,1,0,0,0,1,4,4,1,1,1,1,0,2,2,2,44,False,False
GP,M,15,U,GT3,T,4,4,health,health,other,father,1,1,0,no,yes,yes,no,yes,yes,yes,no,5,4,2,1,1,5,0,12,15,15,0,0,0,0,1,0,4,4,1,1,3,1,1,1,0,1,0,0,1,0,0,0,1,5,4,2,1,1,5,0,2,2,2,45,False,True
GP,M,15,U,GT3,T,4,2,health,services,other,mother,1,1,0,no,no,yes,no,yes,yes,yes,no,2,2,4,2,4,1,4,15,16,15,0,0,0,0,1,0,4,2,1,2,3,0,1,1,0,1,1,0,1,0,0,0,1,2,2,4,2,4,1,0,2,3,2,46,False,False
GP,M,16,U,GT3,T,3,2,other,other,home,mother,1,1,0,no,yes,yes,no,no,yes,yes,no,5,4,3,1,1,5,0,12,14,15,0,0,0,0,1,0,3,2,4,4,0,0,1,1,0,1,0,0,1,1,0,0,1,5,4,3,1,1,5,0,2,2,2,47,False,True
GP,M,16,R,GT3,A,4,4,other,teacher,reputation,mother,2,3,0,no,yes,no,yes,yes,yes,yes,yes,2,4,3,1,1,5,7,15,16,15,0,0,0,1,1,1,4,4,4,0,1,0,2,3,0,1,0,1,0,0,0,0,0,2,4,3,1,1,5,0,2,3,2,48,False,False
GP,F,15,U,GT3,A,4,3,services,services,reputation,mother,1,2,0,no,yes,yes,yes,yes,yes,yes,no,4,3,2,1,1,1,0,14,15,15,0,1,0,0,1,1,4,3,2,2,1,0,1,2,0,1,0,0,0,0,0,0,1,4,3,2,1,1,1,0,2,2,2,49,False,True
GP,M,15,U,GT3,T,4,4,teacher,health,reputation,mother,1,2,0,no,yes,no,yes,yes,yes,no,no,3,2,2,1,1,5,4,14,15,15,0,0,0,0,1,0,4,4,0,1,1,0,1,2,0,1,0,1,0,0,0,1,1,3,2,2,1,1,5,0,2,2,2,50,False,True
GP,F,16,U,LE3,T,4,3,teacher,services,course,mother,3,2,0,no,yes,no,yes,yes,yes,yes,no,5,4,3,1,2,1,2,16,15,15,0,1,0,0,0,0,4,3,0,2,2,0,3,2,0,1,0,1,0,0,0,0,1,5,4,3,1,2,1,0,3,2,2,51,False,False
GP,M,16,U,GT3,T,3,1,other,other,reputation,father,2,4,0,no,yes,yes,no,yes,yes,yes,no,4,3,2,1,1,5,0,13,15,15,0,0,0,0,1,0,3,1,4,4,1,1,2,4,0,1,0,0,1,0,0,0,1,4,3,2,1,1,5,0,2,2,2,52,False,True
GP,M,15,U,LE3,T,2,2,services,services,home,mother,2,2,0,no,no,yes,yes,yes,yes,yes,no,5,3,3,1,3,4,4,15,15,15,0,0,0,0,0,0,2,2,2,2,0,0,2,2,0,1,1,0,0,0,0,0,1,5,3,3,1,3,4,0,2,2,2,53,True,False
GP,M,16,R,GT3,T,4,3,services,other,reputation,mother,2,1,0,yes,yes,no,yes,no,yes,yes,no,3,3,3,1,1,4,2,11,15,15,0,0,0,1,1,0,4,3,2,4,1,0,2,1,0,0,0,1,0,1,0,0,1,3,3,3,1,1,4,0,2,2,2,54,True,True
GP,F,15,U,GT3,T,1,2,at_home,services,course,mother,1,2,0,no,no,no,no,no,yes,yes,no,3,2,3,1,2,1,2,16,15,15,0,1,0,0,1,0,1,2,3,2,2,0,1,2,0,1,1,1,1,1,0,0,1,3,2,3,1,2,1,0,3,2,2,55,True,False
GP,M,15,U,GT3,T,2,2,services,services,home,father,1,4,0,no,yes,yes,yes,yes,yes,yes,no,5,5,4,1,2,5,6,16,14,15,0,0,0,0,1,0,2,2,2,2,0,1,1,4,0,1,0,0,0,0,0,0,1,5,5,4,1,2,5,0,3,2,2,56,True,False
GP,F,15,U,GT3,T,4,4,teacher,teacher,course,mother,2,1,0,no,no,no,yes,yes,yes,yes,no,4,3,2,1,1,5,0,16,16,15,0,1,0,0,1,0,4,4,0,0,2,0,2,1,0,1,1,1,0,0,0,0,1,4,3,2,1,1,5,0,3,3,2,57,True,False
GP,M,16,R,GT3,T,2,2,at_home,other,course,mother,3,1,0,no,no,no,no,no,yes,no,no,4,2,2,1,2,3,2,17,15,15,0,0,0,1,1,0,2,2,3,4,2,0,3,1,0,1,1,1,1,1,0,1,1,4,2,2,1,2,3,0,3,2,2,58,False,False
GP,M,16,U,LE3,T,2,1,other,other,course,mother,1,2,0,no,no,yes,yes,yes,yes,yes,yes,4,2,3,1,2,5,0,15,15,15,0,0,0,0,0,0,2,1,4,4,2,0,1,2,0,1,1,0,0,0,0,0,0,4,2,3,1,2,5,0,2,2,2,59,True,False
GP,F,17,U,LE3,T,2,4,services,services,course,father,1,2,0,no,no,no,yes,yes,yes,yes,yes,4,3,2,1,1,5,0,14,15,15,0,1,0,0,0,0,2,4,2,2,2,1,1,2,0,1,1,1,0,0,0,0,0,4,3,2,1,1,5,0,2,2,2,60,True,False
GP,F,17,U,LE3,T,3,2,other,other,reputation,mother,2,2,0,no,no,yes,no,yes,yes,yes,no,4,4,4,1,3,1,2,14,15,15,0,1,0,0,0,0,3,2,4,4,1,0,2,2,0,1,1,0,1,0,0,0,1,4,4,4,1,3,1,0,2,2,2,61,False,False
GP,F,17,U,GT3,T,3,2,other,other,course,mother,1,2,0,no,no,no,yes,no,yes,yes,no,5,3,4,1,3,3,10,16,15,15,0,1,0,0,1,0,3,2,4,4,2,0,1,2,0,1,1,1,0,1,0,0,1,5,3,4,1,3,3,0,3,2,2,62,False,True
GP,M,16,U,GT3,T,0,2,other,other,other,mother,1,1,0,no,no,yes,no,no,yes,yes,no,4,3,2,2,4,5,0,13,15,15,0,0,0,0,1,0,0,2,4,4,3,0,1,1,0,1,1,0,1,1,0,0,1,4,3,2,2,4,5,0,2,2,2,63,True,True
GP,M,18,U,LE3,A,4,4,teacher,teacher,reputation,mother,1,2,0,no,yes,yes,yes,yes,yes,yes,no,5,4,3,1,1,2,9,15,13,15,0,0,0,0,0,1,4,4,0,0,1,0,1,2,0,1,0,0,0,0,0,0,1,5,4,3,1,1,2,0,2,2,2,64,False,True
GP,F,17,U,GT3,T,4,3,health,services,reputation,mother,1,3,0,no,yes,yes,no,yes,yes,yes,no,4,2,2,1,2,3,0,15,15,15,0,1,0,0,1,0,4,3,1,2,1,0,1,3,0,1,0,0,1,0,0,0,1,4,2,2,1,2,3,0,2,2,2,65,True,True
GP,F,17,U,GT3,T,3,1,services,services,course,father,1,3,0,no,yes,no,no,no,yes,yes,no,3,4,3,2,3,5,1,12,14,15,0,1,0,0,1,0,3,1,2,2,2,1,1,3,0,1,0,1,1,1,0,0,1,3,4,3,2,3,5,0,2,2,2,66,True,False
GP,F,17,U,LE3,T,0,2,at_home,at_home,home,father,2,3,0,no,no,no,no,yes,yes,yes,no,3,3,3,2,3,2,0,16,15,15,0,1,0,0,0,0,0,2,3,3,0,1,2,3,0,1,1,1,1,0,0,0,1,3,3,3,2,3,2,0,3,2,2,67,True,False
GP,F,17,U,GT3,T,3,4,services,other,course,mother,1,3,0,no,no,no,no,yes,yes,yes,no,4,4,5,1,3,5,16,16,15,15,0,1,0,0,1,0,3,4,2,4,2,0,1,3,0,1,1,1,1,0,0,0,1,4,4,5,1,3,5,0,3,2,2,68,True,False
GP,M,18,U,LE3,T,3,4,services,other,home,mother,1,2,0,no,no,no,yes,yes,yes,yes,yes,4,3,3,1,3,5,11,16,15,15,0,0,0,0,0,0,3,4,2,4,0,0,1,2,0,1,1,1,0,0,0,0,0,4,3,3,1,3,5,0,3,2,2,69,False,False
GP,F,17,U,GT3,T,4,3,health,other,reputation,mother,1,3,0,no,yes,yes,yes,yes,yes,yes,yes,4,4,3,1,3,4,0,13,15,15,0,1,0,0,1,0,4,3,1,4,1,0,1,3,0,1,0,0,0,0,0,0,0,4,4,3,1,3,4,0,2,2,2,70,False,False
MS,F,17,U,LE3,T,4,4,at_home,at_home,course,mother,1,2,0,no,yes,yes,yes,yes,yes,yes,yes,2,3,4,1,1,1,0,16,15,15,1,1,0,0,0,0,4,4,3,3,2,0,1,2,0,1,0,0,0,0,0,0,0,2,3,4,1,1,1,0,3,2,2,71,True,False
MS,F,20,U,GT3,T,4,2,health,other,course,other,2,3,2,no,yes,yes,no,no,yes,yes,yes,5,4,3,1,1,3,4,15,14,15,1,1,1,0,1,0,4,2,1,4,2,2,2,3,2,1,0,0,1,1,0,0,0,5,4,3,1,1,3,0,2,2,2,72,True,False
MS,F,18,U,GT3,T,3,3,other,other,home,mother,1,2,0,no,no,yes,no,yes,yes,yes,yes,4,1,3,1,2,1,0,15,15,15,1,1,0,0,1,0,3,3,4,4,0,0,1,2,0,1,1,0,1,0,0,0,0,4,1,3,1,2,1,0,2,2,2,73,False,True
GP,M,15,U,LE3,T,4,4,health,services,course,father,1,1,0,no,yes,yes,yes,yes,yes,yes,no,4,3,3,1,3,5,2,14,14,14,0,0,0,0,0,0,4,4,1,2,2,1,1,1,0,1,0,0,0,0,0,0,1,4,3,3,1,3,5,0,2,2,2,74,False,True
GP,F,16,U,GT3,T,4,4,health,other,home,mother,1,1,0,no,yes,no,no,yes,yes,yes,no,4,4,4,1,2,2,4,14,14,14,0,1,0,0,1,0,4,4,1,4,0,0,1,1,0,1,0,1,1,0,0,0,1,4,4,4,1,2,2,0,2,2,2,75,False,True
GP,F,16,U,GT3,T,4,4,services,services,reputation,mother,1,3,0,no,yes,yes,yes,yes,yes,yes,no,3,2,3,1,2,2,6,13,14,14,0,1,0,0,1,0,4,4,2,2,1,0,1,3,0,1,0,0,0,0,0,0,1,3,2,3,1,2,2,0,2,2,2,76,True,False
GP,M,15,U,GT3,T,4,2,teacher,other,home,mother,1,2,0,no,yes,yes,no,yes,yes,no,no,4,3,3,2,2,5,2,15,15,14,0,0,0,0,1,0,4,2,0,4,0,0,1,2,0,1,0,0,1,0,0,1,1,4,3,3,2,2,5,0,2,2,2,77,False,True
GP,M,16,U,GT3,T,3,1,other,other,reputation,mother,1,1,0,no,no,no,yes,yes,yes,no,no,5,3,2,2,2,5,2,12,12,14,0,0,0,0,1,0,3,1,4,4,1,0,1,1,0,1,1,1,0,0,0,1,1,5,3,2,2,2,5,0,2,2,2,78,False,True
GP,F,15,U,GT3,T,4,2,other,other,reputation,mother,1,3,0,no,yes,no,yes,yes,yes,yes,no,5,3,3,1,3,1,4,13,14,14,0,1,0,0,1,0,4,2,4,4,1,0,1,3,0,1,0,1,0,0,0,0,1,5,3,3,1,3,1,0,2,2,2,79,False,False
GP,M,15,U,LE3,T,2,2,services,health,reputation,mother,1,4,0,no,yes,no,yes,yes,yes,yes,no,4,3,4,1,1,4,6,11,13,14,0,0,0,0,0,0,2,2,2,1,1,0,1,4,0,1,0,1,0,0,0,0,1,4,3,4,1,1,4,0,2,2,2,80,False,False
GP,F,16,U,GT3,T,4,4,other,other,reputation,mother,1,1,0,no,no,no,yes,no,yes,yes,no,5,3,4,1,2,1,6,11,14,14,0,1,0,0,1,0,4,4,4,4,1,0,1,1,0,1,1,1,0,1,0,0,1,5,3,4,1,2,1,0,2,2,2,81,True,False
GP,M,15,U,GT3,T,4,4,services,other,course,mother,1,1,0,no,yes,no,yes,no,yes,yes,no,5,3,3,1,1,5,4,10,13,14,0,0,0,0,1,0,4,4,2,4,2,0,1,1,0,1,0,1,0,1,0,0,1,5,3,3,1,1,5,0,1,2,2,82,True,True
GP,M,15,U,GT3,T,4,4,other,teacher,reputation,father,2,2,0,no,yes,no,yes,yes,yes,no,no,4,4,3,1,1,2,2,11,13,14,0,0,0,0,1,0,4,4,4,0,1,1,2,2,0,1,0,1,0,0,0,1,1,4,4,3,1,1,2,0,2,2,2,83,False,False
GP,M,16,U,LE3,T,2,1,at_home,other,course,mother,1,1,1,no,no,no,yes,yes,yes,no,yes,4,4,4,3,5,5,6,12,13,14,0,0,0,0,0,0,2,1,3,4,2,0,1,1,1,1,1,1,0,0,0,1,0,4,4,4,3,5,5,0,2,2,2,84,True,True
GP,F,16,U,GT3,T,4,4,health,health,reputation,mother,1,2,0,no,yes,yes,no,yes,yes,yes,yes,4,4,2,1,1,3,0,14,14,14,0,1,0,0,1,0,4,4,1,1,1,0,1,2,0,1,0,0,1,0,0,0,0,4,4,2,1,1,3,0,2,2,2,85,False,False
GP,M,16,U,GT3,T,2,3,other,other,home,father,2,1,0,no,no,no,no,yes,yes,yes,no,5,3,3,1,1,3,0,13,14,14,0,0,0,0,1,0,2,3,4,4,0,1,2,1,0,1,1,1,1,0,0,0,1,5,3,3,1,1,3,0,2,2,2,86,True,True
GP,F,16,U,GT3,A,2,2,other,other,reputation,mother,1,2,0,yes,yes,yes,no,yes,yes,yes,no,3,3,4,1,1,4,0,12,13,14,0,1,0,0,1,1,2,2,4,4,1,0,1,2,0,0,0,0,1,0,0,0,1,3,3,4,1,1,4,0,2,2,2,87,False,True
GP,F,16,U,GT3,T,4,4,teacher,services,home,mother,1,3,0,no,yes,no,yes,no,yes,yes,no,5,3,2,1,1,5,0,13,13,14,0,1,0,0,1,0,4,4,0,2,0,0,1,3,0,1,0,1,0,1,0,0,1,5,3,2,1,1,5,0,2,2,2,88,False,False
GP,F,17,U,LE3,T,4,3,health,other,reputation,father,1,2,0,no,no,no,yes,yes,yes,yes,yes,3,2,3,1,2,3,14,13,13,14,0,1,0,0,0,0,4,3,1,4,1,1,1,2,0,1,1,1,0,0,0,0,0,3,2,3,1,2,3,0,2,2,2,89,False,False
GP,M,18,U,GT3,T,2,1,other,other,home,mother,1,2,0,no,no,no,yes,yes,yes,yes,no,5,2,4,1,2,4,8,15,14,14,0,0,0,0,1,0,2,1,4,4,0,0,1,2,0,1,1,1,0,0,0,0,1,5,2,4,1,2,4,0,2,2,2,90,False,False
GP,F,18,U,GT3,T,2,3,other,services,reputation,father,1,4,0,no,yes,yes,yes,yes,yes,yes,yes,4,5,5,1,3,2,4,15,14,14,0,1,0,0,1,0,2,3,4,2,1,1,1,4,0,1,0,0,0,0,0,0,0,4,5,5,1,3,2,0,2,2,2,91,False,True
GP,M,17,R,GT3,T,1,2,at_home,at_home,home,mother,1,2,0,no,yes,yes,yes,no,yes,no,yes,3,5,2,2,2,1,2,15,14,14,0,0,0,1,1,0,1,2,3,3,0,0,1,2,0,1,0,0,0,1,0,1,0,3,5,2,2,2,1,0,2,2,2,92,True,True
GP,M,18,U,GT3,T,2,1,services,services,reputation,mother,1,3,0,no,no,yes,yes,yes,yes,yes,no,4,2,4,1,3,2,6,15,14,14,0,0,0,0,1,0,2,1,2,2,1,0,1,3,0,1,1,0,0,0,0,0,1,4,2,4,1,3,2,0,2,2,2,93,False,True
GP,M,18,R,LE3,T,3,2,services,other,reputation,mother,2,3,0,no,yes,yes,yes,yes,yes,yes,no,5,4,2,1,1,4,8,14,13,14,0,0,0,1,0,0,3,2,2,4,1,0,2,3,0,1,0,0,0,0,0,0,1,5,4,2,1,1,4,0,2,2,2,94,False,False
GP,F,18,U,GT3,T,4,3,other,other,reputation,father,1,4,0,no,yes,yes,no,yes,yes,yes,no,4,3,3,1,1,3,0,14,13,14,0,1,0,0,1,0,4,3,4,4,1,1,1,4,0,1,0,0,1,0,0,0,1,4,3,3,1,1,3,0,2,2,2,95,False,False
GP,F,17,U,GT3,T,4,2,other,other,reputation,mother,2,3,0,no,yes,yes,no,yes,yes,yes,no,4,3,3,1,1,3,0,15,12,14,0,1,0,0,1,0,4,2,4,4,1,0,2,3,0,1,0,0,1,0,0,0,1,4,3,3,1,1,3,0,2,2,2,96,True,True
GP,F,17,U,GT3,T,4,4,teacher,teacher,course,mother,2,3,0,no,yes,yes,no,no,yes,yes,yes,4,3,3,1,2,4,4,14,14,14,0,1,0,0,1,0,4,4,0,0,2,0,2,3,0,1,0,0,1,1,0,0,0,4,3,3,1,2,4,0,2,2,2,97,True,False
GP,F,17,R,GT3,T,2,4,at_home,other,course,father,1,3,0,no,yes,no,no,yes,yes,yes,yes,4,4,3,1,1,5,7,12,14,14,0,1,0,1,1,0,2,4,3,4,2,1,1,3,0,1,0,1,1,0,0,0,0,4,4,3,1,1,5,0,2,2,2,98,False,True
GP,F,18,U,GT3,T,3,2,other,services,other,mother,1,3,0,no,no,no,no,yes,yes,yes,yes,5,4,3,2,3,1,7,13,13,14,0,1,0,0,1,0,3,2,4,2,3,0,1,3,0,1,1,1,1,0,0,0,0,5,4,3,2,3,1,0,2,2,2,99,False,True
MS,M,18,U,GT3,T,4,4,teacher,teacher,home,father,1,2,0,no,no,yes,yes,no,yes,yes,no,3,2,4,1,4,2,4,15,14,14,1,0,0,0,1,0,4,4,0,0,0,1,1,2,0,1,1,0,0,1,0,0,1,3,2,4,1,4,2,0,2,2,2,100,True,True
GP,F,15,R,GT3,T,2,2,at_home,other,reputation,mother,1,1,0,yes,yes,yes,yes,yes,yes,no,no,4,3,1,1,1,2,8,14,13,13,0,1,0,1,1,0,2,2,3,4,1,0,1,1,0,0,0,0,0,0,0,1,1,4,3,1,1,1,2,0,2,2,2,101,True,True
GP,F,16,U,LE3,T,2,2,services,services,course,mother,3,2,0,no,yes,yes,no,yes,yes,yes,no,4,3,3,2,3,4,2,12,13,13,0,1,0,0,0,0,2,2,2,2,2,0,3,2,0,1,0,0,1,0,0,0,1,4,3,3,2,3,4,0,2,2,2,102,False,True
GP,F,15,U,LE3,T,4,2,health,other,other,mother,1,2,0,no,yes,yes,no,yes,yes,yes,no,4,3,3,1,1,5,2,11,13,13,0,1,0,0,0,0,4,2,1,4,3,0,1,2,0,1,0,0,1,0,0,0,1,4,3,3,1,1,5,0,2,2,2,103,False,True
GP,F,15,U,LE3,A,3,3,other,other,other,mother,1,1,0,no,no,yes,no,yes,yes,yes,no,5,3,4,4,4,1,6,10,13,13,0,1,0,0,0,1,3,3,4,4,3,0,1,1,0,1,1,0,1,0,0,0,1,5,3,4,4,4,1,0,1,2,2,104,True,False
GP,M,15,R,GT3,T,4,4,other,other,home,father,4,4,0,no,yes,yes,yes,yes,yes,yes,yes,1,3,5,3,5,1,6,10,13,13,0,0,0,1,1,0,4,4,4,4,0,1,4,4,0,1,0,0,0,0,0,0,0,1,3,5,3,5,1,0,1,2,2,105,False,True
GP,F,16,U,GT3,T,2,2,at_home,other,home,mother,1,2,1,yes,no,no,yes,yes,yes,yes,no,3,1,2,1,1,5,6,10,13,13,0,1,0,0,1,0,2,2,3,4,0,0,1,2,1,0,1,1,0,0,0,0,1,3,1,2,1,1,5,0,1,2,2,106,False,True
GP,M,16,U,GT3,T,3,3,other,services,home,father,2,1,0,no,no,no,yes,yes,yes,yes,no,5,4,2,1,1,5,0,13,14,13,0,0,0,0,1,0,3,3,4,2,0,1,2,1,0,1,1,1,0,0,0,0,1,5,4,2,1,1,5,0,2,2,2,107,False,True
GP,M,15,U,GT3,T,3,4,other,other,reputation,father,1,1,0,no,no,no,no,yes,yes,yes,no,3,4,3,1,2,4,6,14,13,13,0,0,0,0,1,0,3,4,4,4,1,1,1,1,0,1,1,1,1,0,0,0,1,3,4,3,1,2,4,0,2,2,2,108,False,True
GP,F,16,U,LE3,T,2,4,other,health,course,father,2,2,0,no,yes,yes,yes,yes,yes,yes,yes,4,2,2,1,2,5,2,13,13,13,0,1,0,0,0,0,2,4,4,1,2,1,2,2,0,1,0,0,0,0,0,0,0,4,2,2,1,2,5,0,2,2,2,109,True,True
GP,M,16,U,GT3,T,4,4,health,other,course,mother,1,1,0,no,yes,no,yes,yes,yes,yes,no,3,4,4,1,4,5,18,14,11,13,0,0,0,0,1,0,4,4,1,4,2,0,1,1,0,1,0,1,0,0,0,0,1,3,4,4,1,4,5,0,2,2,2,110,True,True
GP,F,16,U,LE3,T,1,1,at_home,at_home,course,mother,1,1,0,no,no,no,no,yes,yes,yes,no,3,4,4,3,3,1,2,14,14,13,0,1,0,0,0,0,1,1,3,3,2,0,1,1,0,1,1,1,1,0,0,0,1,3,4,4,3,3,1,0,2,2,2,111,False,True
GP,M,17,R,LE3,T,1,2,other,other,reputation,mother,1,1,0,no,no,no,no,yes,yes,no,no,2,2,2,3,3,5,8,16,12,13,0,0,0,1,0,0,1,2,4,4,1,0,1,1,0,1,1,1,1,0,0,1,1,2,2,2,3,3,5,0,3,2,2,112,True,True
GP,F,16,U,GT3,T,2,3,services,services,course,mother,1,2,0,no,no,no,no,yes,yes,yes,no,4,3,3,1,1,2,10,11,12,13,0,1,0,0,1,0,2,3,2,2,2,0,1,2,0,1,1,1,1,0,0,0,1,4,3,3,1,1,2,0,2,2,2,113,True,False
GP,F,16,U,GT3,T,4,3,teacher,other,other,mother,1,2,0,no,no,yes,yes,yes,yes,yes,yes,1,3,2,1,1,1,10,11,12,13,0,1,0,0,1,0,4,3,0,4,3,0,1,2,0,1,1,0,0,0,0,0,0,1,3,2,1,1,1,0,2,2,2,114,True,True
GP,M,17,U,LE3,T,4,4,services,other,home,mother,1,2,0,no,yes,yes,no,yes,yes,yes,yes,5,3,5,4,5,3,13,12,12,13,0,0,0,0,0,0,4,4,2,4,0,0,1,2,0,1,0,0,1,0,0,0,0,5,3,5,4,5,3,0,2,2,2,115,False,True
GP,M,18,U,GT3,T,2,2,other,other,home,mother,2,2,0,no,yes,yes,no,yes,yes,yes,no,3,3,3,5,5,4,0,12,13,13,0,0,0,0,1,0,2,2,4,4,0,0,2,2,0,1,0,0,1,0,0,0,1,3,3,3,5,5,4,0,2,2,2,116,True,False
GP,M,16,U,GT3,T,4,4,health,other,reputation,father,1,2,0,no,yes,yes,yes,yes,yes,yes,no,4,2,4,2,4,1,2,14,13,13,0,0,0,0,1,0,4,4,1,4,1,1,1,2,0,1,0,0,0,0,0,0,1,4,2,4,2,4,1,0,2,2,2,117,False,False
GP,M,17,U,LE3,T,2,2,other,other,home,father,1,2,0,no,no,yes,yes,no,yes,yes,yes,4,4,2,5,5,4,4,14,13,13,0,0,0,0,0,0,2,2,4,4,0,1,1,2,0,1,1,0,0,1,0,0,0,4,4,2,5,5,4,0,2,2,2,118,False,True
GP,M,17,U,GT3,T,2,3,other,other,course,father,2,1,0,no,no,no,no,yes,yes,yes,no,5,2,2,1,1,2,4,12,12,13,0,0,0,0,1,0,2,3,4,4,2,1,2,1,0,1,1,1,1,0,0,0,1,5,2,2,1,1,2,0,2,2,2,119,False,True
GP,F,17,U,LE3,T,4,2,teacher,services,reputation,mother,1,4,0,no,yes,yes,yes,yes,yes,yes,no,4,2,3,1,1,4,6,14,12,13,0,1,0,0,0,0,4,2,0,2,1,0,1,4,0,1,0,0,0,0,0,0,1,4,2,3,1,1,4,0,2,2,2,120,False,False
GP,F,18,U,LE3,T,2,1,services,at_home,reputation,mother,1,2,1,no,no,no,no,yes,yes,yes,yes,5,4,3,1,1,5,12,12,12,13,0,1,0,0,0,0,2,1,2,3,1,0,1,2,1,1,1,1,1,0,0,0,0,5,4,3,1,1,5,0,2,2,2,121,True,False
GP,M,19,U,GT3,T,3,3,other,other,home,other,1,2,1,no,yes,no,yes,yes,yes,yes,yes,4,4,4,1,1,3,20,15,14,13,0,0,1,0,1,0,3,3,4,4,0,2,1,2,1,1,0,1,0,0,0,0,0,4,4,4,1,1,3,0,2,2,2,122,False,True
GP,F,19,U,GT3,T,2,1,at_home,other,other,other,3,2,0,no,yes,no,no,yes,no,yes,yes,3,4,1,1,1,2,20,14,12,13,0,1,1,0,1,0,2,1,3,4,3,2,3,2,0,1,0,1,1,0,1,0,0,3,4,1,1,1,2,0,2,2,2,123,True,False
GP,F,19,U,GT3,T,1,1,at_home,health,home,other,1,3,2,no,no,no,no,no,yes,yes,yes,4,1,2,1,1,3,14,15,13,13,0,1,1,0,1,0,1,1,3,1,0,2,1,3,2,1,1,1,1,1,0,0,0,4,1,2,1,1,3,0,2,2,2,124,False,True
GP,F,17,U,GT3,A,4,3,services,services,course,mother,1,2,0,no,yes,yes,no,yes,yes,yes,yes,5,2,2,1,2,5,23,13,13,13,0,1,0,0,1,1,4,3,2,2,2,0,1,2,0,1,0,0,1,0,0,0,0,5,2,2,1,2,5,0,2,2,2,125,True,False
GP,F,19,R,GT3,A,3,1,services,at_home,home,other,1,3,1,no,no,yes,no,yes,yes,no,no,5,4,3,1,2,5,12,14,13,13,0,1,1,1,1,1,3,1,2,3,0,2,1,3,1,1,1,0,1,0,0,1,1,5,4,3,1,2,5,0,2,2,2,126,True,False
MS,M,18,R,GT3,T,3,2,other,other,course,mother,2,1,1,no,yes,no,no,no,yes,yes,no,2,5,5,5,5,5,10,11,13,13,1,0,0,1,1,0,3,2,4,4,2,0,2,1,1,1,0,1,1,1,0,0,1,2,5,5,5,5,5,0,2,2,2,127,False,True
MS,M,17,U,GT3,T,3,3,health,other,course,mother,2,2,0,no,yes,yes,no,yes,yes,yes,no,4,5,4,2,3,3,2,13,13,13,1,0,0,0,1,0,3,3,1,4,2,0,2,2,0,1,0,0,1,0,0,0,1,4,5,4,2,3,3,0,2,2,2,128,True,True
MS,F,17,R,GT3,T,4,4,teacher,services,other,father,2,2,0,no,yes,yes,yes,yes,yes,yes,no,4,3,3,1,2,5,4,12,13,13,1,1,0,1,1,0,4,4,0,2,3,1,2,2,0,1,0,0,0,0,0,0,1,4,3,3,1,2,5,0,2,2,2,129,False,True
MS,F,18,R,LE3,A,1,4,at_home,other,course,mother,3,2,0,no,no,no,no,yes,yes,no,yes,4,3,4,1,4,5,0,13,13,13,1,1,0,1,0,1,1,4,3,4,2,0,3,2,0,1,1,1,1,0,0,1,0,4,3,4,1,4,5,0,2,2,2,130,False,True
MS,M,18,U,LE3,T,4,4,teacher,services,other,mother,2,3,0,no,no,yes,no,yes,yes,yes,yes,4,2,2,2,2,5,0,13,13,13,1,0,0,0,0,0,4,4,0,2,3,0,2,3,0,1,1,0,1,0,0,0,0,4,2,2,2,2,5,0,2,2,2,131,True,False
GP,F,15,U,GT3,T,2,1,services,other,reputation,father,3,3,0,no,yes,no,yes,yes,yes,yes,no,5,2,2,1,1,4,4,10,12,12,0,1,0,0,1,0,2,1,2,4,1,1,3,3,0,1,0,1,0,0,0,0,1,5,2,2,1,1,4,0,1,2,2,132,False,False
GP,M,16,U,LE3,T,2,2,other,other,reputation,mother,2,2,0,no,yes,no,yes,yes,yes,yes,no,5,4,4,2,4,5,0,13,13,12,0,0,0,0,0,0,2,2,4,4,1,0,2,2,0,1,0,1,0,0,0,0,1,5,4,4,2,4,5,0,2,2,2,133,False,False
GP,M,15,U,GT3,T,4,4,health,services,home,mother,1,2,0,no,yes,yes,no,no,yes,yes,no,5,4,2,3,4,5,0,9,11,12,0,0,0,0,1,0,4,4,1,2,0,0,1,2,0,1,0,0,1,1,0,0,1,5,4,2,3,4,5,0,1,2,2,134,False,False
GP,M,15,U,LE3,T,3,3,other,other,course,mother,1,2,0,no,no,no,yes,no,yes,yes,no,5,3,2,1,1,2,0,8,10,12,0,0,0,0,0,0,3,3,4,4,2,0,1,2,0,1,1,1,0,1,0,0,1,5,3,2,1,1,2,0,1,1,2,135,False,False
GP,M,15,U,LE3,T,4,4,teacher,other,home,other,1,1,0,no,yes,no,no,no,yes,yes,yes,5,4,3,2,4,5,8,12,12,12,0,0,0,0,0,0,4,4,0,4,0,2,1,1,0,1,0,1,1,1,0,0,0,5,4,3,2,4,5,0,2,2,2,136,True,True
GP,M,15,U,GT3,A,4,4,other,services,reputation,mother,1,4,0,no,yes,no,yes,no,yes,yes,yes,1,3,3,5,5,3,4,13,13,12,0,0,0,0,1,1,4,4,4,2,1,0,1,4,0,1,0,1,0,1,0,0,0,1,3,3,5,5,3,0,2,2,2,137,False,True
GP,M,15,U,GT3,T,2,3,other,services,course,father,1,1,0,yes,yes,yes,yes,no,yes,yes,yes,3,2,2,1,3,3,2,10,12,12,0,0,0,0,1,0,2,3,4,2,2,1,1,1,0,0,0,0,0,1,0,0,0,3,2,2,1,3,3,0,1,2,2,138,True,True
GP,M,15,U,GT3,T,3,4,services,services,home,father,1,1,0,yes,no,no,no,yes,yes,yes,no,5,5,5,3,2,5,0,13,13,12,0,0,0,0,1,0,3,4,2,2,0,1,1,1,0,0,1,1,1,0,0,0,1,5,5,5,3,2,5,0,2,2,2,139,False,False
GP,F,17,U,LE3,T,2,2,other,other,course,father,1,1,0,no,yes,no,no,yes,yes,yes,yes,3,4,4,1,3,5,12,10,13,12,0,1,0,0,0,0,2,2,4,4,2,1,1,1,0,1,0,1,1,0,0,0,0,3,4,4,1,3,5,0,1,2,2,140,False,False
GP,M,16,U,LE3,T,1,1,services,other,course,mother,1,2,1,no,no,no,no,yes,yes,no,yes,4,4,4,1,3,5,0,14,12,12,0,0,0,0,0,0,1,1,2,4,2,0,1,2,1,1,1,1,1,0,0,1,0,4,4,4,1,3,5,0,2,2,2,141,True,True
GP,F,17,U,GT3,T,4,4,other,teacher,course,mother,1,1,0,yes,yes,no,no,yes,yes,no,yes,4,2,1,1,1,4,0,11,11,12,0,1,0,0,1,0,4,4,4,0,2,0,1,1,0,0,0,1,1,0,0,1,0,4,2,1,1,1,4,0,2,2,2,142,False,False
GP,M,16,U,GT3,T,3,3,other,services,course,father,1,2,1,no,yes,yes,no,yes,yes,yes,yes,4,5,5,4,4,5,4,10,12,12,0,0,0,0,1,0,3,3,4,2,2,1,1,2,1,1,0,0,1,0,0,0,0,4,5,5,4,4,5,0,1,2,2,143,False,False
GP,M,16,U,GT3,T,3,2,services,services,course,mother,2,1,1,no,yes,no,yes,no,no,no,no,4,5,2,1,1,2,16,12,11,12,0,0,0,0,1,0,3,2,2,2,2,0,2,1,1,1,0,1,0,1,1,1,1,4,5,2,1,1,2,0,2,2,2,144,False,False
GP,M,16,U,GT3,T,3,3,services,other,home,mother,1,2,0,no,no,yes,yes,yes,yes,yes,yes,4,2,3,1,2,3,2,12,13,12,0,0,0,0,1,0,3,3,2,4,0,0,1,2,0,1,1,0,0,0,0,0,0,4,2,3,1,2,3,0,2,2,2,145,True,False
GP,F,16,U,GT3,T,3,2,other,other,reputation,mother,1,2,0,no,yes,yes,no,yes,yes,yes,no,1,2,2,1,2,1,14,12,13,12,0,1,0,0,1,0,3,2,4,4,1,0,1,2,0,1,0,0,1,0,0,0,1,1,2,2,1,2,1,0,2,2,2,146,True,True
GP,M,17,U,LE3,T,2,3,services,services,reputation,father,1,2,0,no,yes,yes,no,no,yes,yes,no,5,3,3,1,3,3,2,12,11,12,0,0,0,0,0,0,2,3,2,2,1,1,1,2,0,1,0,0,1,1,0,0,1,5,3,3,1,3,3,0,2,2,2,147,True,False
GP,F,17,U,GT3,A,2,1,other,other,course,mother,2,3,0,no,no,no,yes,yes,yes,yes,yes,3,2,3,1,2,3,10,12,10,12,0,1,0,0,1,1,2,1,4,4,2,0,2,3,0,1,1,1,0,0,0,0,0,3,2,3,1,2,3,0,2,1,2,148,False,True
GP,F,16,U,GT3,T,2,1,other,other,home,mother,1,1,0,no,no,no,no,yes,yes,yes,yes,4,5,2,1,1,5,20,13,12,12,0,1,0,0,1,0,2,1,4,4,0,0,1,1,0,1,1,1,1,0,0,0,0,4,5,2,1,1,5,0,2,2,2,149,False,False
GP,M,17,U,LE3,T,4,3,health,other,course,mother,2,2,0,no,no,no,yes,yes,yes,yes,yes,2,5,5,1,4,5,14,12,12,12,0,0,0,0,0,0,4,3,1,4,2,0,2,2,0,1,1,1,0,0,0,0,0,2,5,5,1,4,5,0,2,2,2,150,True,True
GP,M,17,R,LE3,A,4,4,teacher,other,course,mother,2,2,0,no,yes,yes,no,yes,yes,yes,no,3,3,3,2,3,4,2,10,11,12,0,0,0,1,0,1,4,4,0,4,2,0,2,2,0,1,0,0,1,0,0,0,1,3,3,3,2,3,4,0,1,2,2,151,False,True
GP,M,16,U,GT3,T,4,4,services,services,course,mother,1,1,0,no,no,no,yes,yes,yes,yes,no,5,3,2,1,2,5,0,13,12,12,0,0,0,0,1,0,4,4,2,2,2,0,1,1,0,1,1,1,0,0,0,0,1,5,3,2,1,2,5,0,2,2,2,152,False,False
GP,M,17,R,GT3,T,2,1,other,other,course,mother,1,1,0,no,no,no,no,no,yes,yes,no,4,4,2,2,4,5,0,8,12,12,0,0,0,1,1,0,2,1,4,4,2,0,1,1,0,1,1,1,1,1,0,0,1,4,4,2,2,4,5,0,1,2,2,153,False,True
GP,M,18,R,GT3,T,3,2,other,other,course,mother,1,3,0,no,no,no,yes,no,yes,no,no,5,3,2,1,1,3,1,13,12,12,0,0,0,1,1,0,3,2,4,4,2,0,1,3,0,1,1,1,0,1,0,1,1,5,3,2,1,1,3,0,2,2,2,154,False,True
GP,F,17,U,LE3,T,2,2,services,other,course,mother,2,2,0,yes,yes,yes,no,yes,yes,yes,yes,4,4,4,2,3,5,6,12,12,12,0,1,0,0,0,0,2,2,2,4,2,0,2,2,0,0,0,0,1,0,0,0,0,4,4,4,2,3,5,0,2,2,2,155,False,True
GP,F,18,R,LE3,T,1,1,at_home,other,reputation,mother,2,4,0,no,yes,yes,yes,yes,yes,no,no,5,2,2,1,1,3,1,12,12,12,0,1,0,1,0,0,1,1,3,4,1,0,2,4,0,1,0,0,0,0,0,1,1,5,2,2,1,1,3,0,2,2,2,156,True,False
GP,F,17,U,GT3,T,1,1,services,teacher,reputation,mother,1,3,0,no,yes,yes,no,yes,yes,yes,no,4,3,3,1,1,3,6,13,12,12,0,1,0,0,1,0,1,1,2,0,1,0,1,3,0,1,0,0,1,0,0,0,1,4,3,3,1,1,3,0,2,2,2,157,True,False
GP,F,18,U,GT3,T,2,4,services,at_home,reputation,other,1,2,1,no,yes,yes,yes,yes,yes,yes,no,4,4,3,1,1,3,8,14,12,12,0,1,0,0,1,0,2,4,2,3,1,2,1,2,1,1,0,0,0,0,0,0,1,4,4,3,1,1,3,0,2,2,2,158,True,True
GP,M,19,R,GT3,T,3,3,other,services,reputation,father,1,2,1,no,no,no,yes,yes,yes,no,yes,4,5,3,1,2,5,0,15,12,12,0,0,1,1,1,0,3,3,4,2,1,1,1,2,1,1,1,1,0,0,0,1,0,4,5,3,1,2,5,0,2,2,2,159,True,False
MS,M,18,R,LE3,T,1,1,at_home,other,other,mother,2,2,1,no,no,no,yes,no,no,no,no,4,4,3,2,3,5,2,13,12,12,1,0,0,1,0,0,1,1,3,4,3,0,2,2,1,1,1,1,0,1,1,1,1,4,4,3,2,3,5,0,2,2,2,160,True,True
MS,F,17,R,GT3,T,1,2,other,services,course,father,2,2,0,no,no,no,no,no,yes,no,no,3,2,2,1,2,3,0,12,11,12,1,1,0,1,1,0,1,2,4,2,2,1,2,2,0,1,1,1,1,1,0,1,1,3,2,2,1,2,3,0,2,2,2,161,True,False
MS,M,18,R,LE3,T,1,2,at_home,services,other,father,3,1,0,no,yes,yes,yes,yes,no,yes,yes,4,3,3,2,3,3,3,14,12,12,1,0,0,1,0,0,1,2,3,2,3,1,3,1,0,1,0,0,0,0,1,0,0,4,3,3,2,3,3,0,2,2,2,162,False,True
GP,M,16,U,LE3,T,2,2,other,other,home,mother,1,2,0,no,no,no,no,yes,yes,yes,no,4,4,4,1,1,3,0,12,12,11,0,0,0,0,0,0,2,2,4,4,0,0,1,2,0,1,1,1,1,0,0,0,1,4,4,4,1,1,3,0,2,2,2,163,False,False
GP,M,15,U,GT3,T,4,3,teacher,other,course,mother,2,2,0,no,yes,yes,no,yes,yes,yes,no,5,4,3,1,2,3,2,10,10,11,0,0,0,0,1,0,4,3,0,4,2,0,2,2,0,1,0,0,1,0,0,0,1,5,4,3,1,2,3,0,1,1,2,164,False,True
GP,M,15,U,GT3,T,2,2,other,other,home,mother,1,1,0,no,yes,yes,no,yes,yes,yes,no,4,2,2,1,2,5,2,12,12,11,0,0,0,0,1,0,2,2,4,4,0,0,1,1,0,1,0,0,1,0,0,0,1,4,2,2,1,2,5,0,2,2,2,165,True,True
GP,M,16,U,LE3,A,3,4,services,other,home,mother,1,2,0,yes,yes,no,yes,yes,yes,yes,no,5,3,3,1,1,5,4,11,11,11,0,0,0,0,0,1,3,4,2,4,0,0,1,2,0,0,0,1,0,0,0,0,1,5,3,3,1,1,5,0,2,2,2,166,True,True
GP,M,16,U,GT3,T,4,4,teacher,teacher,home,mother,1,2,0,no,yes,yes,yes,yes,yes,yes,yes,4,4,5,5,5,5,16,10,12,11,0,0,0,0,1,0,4,4,0,0,0,0,1,2,0,1,0,0,0,0,0,0,0,4,4,5,5,5,5,0,1,2,2,167,True,False
GP,F,15,R,GT3,T,3,4,services,health,course,mother,1,3,0,yes,yes,yes,yes,yes,yes,yes,no,4,3,2,1,1,5,2,12,12,11,0,1,0,1,1,0,3,4,2,1,2,0,1,3,0,0,0,0,0,0,0,0,1,4,3,2,1,1,5,0,2,2,2,168,False,False
GP,F,16,U,LE3,T,2,2,other,other,home,mother,2,2,1,no,yes,no,yes,no,yes,yes,yes,3,3,3,1,2,3,25,7,10,11,0,1,0,0,0,0,2,2,4,4,0,0,2,2,1,1,0,1,0,1,0,0,0,3,3,3,1,2,3,0,1,1,2,169,False,True
GP,M,15,U,GT3,T,2,2,services,services,course,father,1,1,0,yes,yes,no,no,yes,yes,yes,no,5,4,1,1,1,1,0,8,8,11,0,0,0,0,1,0,2,2,2,2,2,1,1,1,0,0,0,1,1,0,0,0,1,5,4,1,1,1,1,0,1,1,2,170,False,True
GP,F,16,U,LE3,A,3,3,other,services,home,mother,1,2,0,no,yes,no,no,yes,yes,yes,no,2,3,5,1,4,3,12,11,12,11,0,1,0,0,0,1,3,3,4,2,0,0,1,2,0,1,0,1,1,0,0,0,1,2,3,5,1,4,3,0,2,2,2,171,False,True
GP,F,15,U,GT3,T,4,4,services,services,course,mother,1,1,0,yes,yes,yes,no,yes,yes,yes,no,3,3,4,2,3,5,0,8,10,11,0,1,0,0,1,0,4,4,2,2,2,0,1,1,0,0,0,0,1,0,0,0,1,3,3,4,2,3,5,0,1,1,2,172,True,False
GP,F,16,R,GT3,T,4,4,health,teacher,other,mother,1,2,0,no,yes,no,yes,yes,yes,no,no,2,4,4,2,3,4,6,10,11,11,0,1,0,1,1,0,4,4,1,0,3,0,1,2,0,1,0,1,0,0,0,1,1,2,4,4,2,3,4,0,1,2,2,173,True,True
GP,F,16,U,GT3,T,1,1,services,services,course,father,4,1,0,yes,yes,no,yes,no,yes,yes,yes,5,5,5,5,5,5,6,10,8,11,0,1,0,0,1,0,1,1,2,2,2,1,4,1,0,0,0,1,0,1,0,0,0,5,5,5,5,5,5,0,1,1,2,174,False,True
GP,F,16,U,GT3,T,3,3,other,services,home,mother,1,2,0,yes,yes,yes,yes,yes,yes,yes,no,4,3,3,2,4,5,54,11,12,11,0,1,0,0,1,0,3,3,4,2,0,0,1,2,0,0,0,0,0,0,0,0,1,4,3,3,2,4,5,1,2,2,2,175,True,False
GP,F,16,U,GT3,T,2,2,other,other,reputation,mother,1,4,0,no,no,yes,no,yes,yes,yes,yes,5,2,3,1,3,3,0,11,11,11,0,1,0,0,1,0,2,2,4,4,1,0,1,4,0,1,1,0,1,0,0,0,0,5,2,3,1,3,3,0,2,2,2,176,False,False
GP,M,15,U,GT3,T,2,3,other,other,home,mother,1,3,0,yes,no,yes,no,no,yes,yes,no,5,3,2,1,2,5,4,11,10,11,0,0,0,0,1,0,2,3,4,4,0,0,1,3,0,0,1,0,1,1,0,0,1,5,3,2,1,2,5,0,2,1,2,177,True,False
GP,F,15,U,GT3,A,3,3,other,health,reputation,father,1,4,0,yes,no,no,no,yes,yes,no,no,4,3,3,1,1,4,10,10,11,11,0,1,0,0,1,1,3,3,4,1,1,1,1,4,0,0,1,1,1,0,0,1,1,4,3,3,1,1,4,0,1,2,2,178,True,False
GP,F,15,U,LE3,A,3,4,other,other,home,mother,1,2,0,yes,no,no,yes,yes,yes,yes,yes,5,3,2,1,1,1,0,7,10,11,0,1,0,0,0,1,3,4,4,4,0,0,1,2,0,0,1,1,0,0,0,0,0,5,3,2,1,1,1,0,1,1,2,179,True,True
GP,F,16,U,GT3,A,3,4,services,other,course,father,1,1,0,no,no,no,no,yes,yes,yes,no,3,2,1,1,4,5,16,12,11,11,0,1,0,0,1,1,3,4,2,4,2,1,1,1,0,1,1,1,1,0,0,0,1,3,2,1,1,4,5,0,2,2,2,180,True,False
GP,F,15,U,GT3,T,4,4,teacher,services,course,mother,1,3,0,no,yes,yes,yes,yes,yes,yes,no,4,2,2,1,1,5,2,9,11,11,0,1,0,0,1,0,4,4,0,2,2,0,1,3,0,1,0,0,0,0,0,0,1,4,2,2,1,1,5,0,1,2,2,181,True,False
GP,F,15,U,GT3,T,1,1,other,services,course,father,1,2,0,no,yes,yes,no,yes,yes,yes,no,4,4,2,1,2,5,0,8,11,11,0,1,0,0,1,0,1,1,4,2,2,1,1,2,0,1,0,0,1,0,0,0,1,4,4,2,1,2,5,0,1,2,2,182,True,False
GP,F,15,U,GT3,T,1,2,at_home,other,course,mother,1,2,0,no,yes,yes,no,no,yes,yes,no,4,3,2,1,1,5,2,10,11,11,0,1,0,0,1,0,1,2,3,4,2,0,1,2,0,1,0,0,1,1,0,0,1,4,3,2,1,1,5,0,1,2,2,183,True,True
GP,F,16,U,GT3,T,2,2,services,other,reputation,mother,2,2,0,no,no,yes,yes,no,yes,yes,no,3,4,4,1,4,5,2,13,13,11,0,1,0,0,1,0,2,2,2,4,1,0,2,2,0,1,1,0,0,1,0,0,1,3,4,4,1,4,5,0,2,2,2,184,True,False
GP,M,17,U,GT3,T,4,3,other,other,course,mother,1,2,0,no,yes,no,yes,yes,yes,yes,yes,5,2,3,1,1,2,4,10,10,11,0,0,0,0,1,0,4,3,4,4,2,0,1,2,0,1,0,1,0,0,0,0,0,5,2,3,1,1,2,0,1,1,2,185,False,True
GP,M,17,U,GT3,T,3,3,services,services,other,mother,1,2,0,no,yes,no,yes,yes,yes,yes,yes,4,3,4,2,3,4,12,12,12,11,0,0,0,0,1,0,3,3,2,2,3,0,1,2,0,1,0,1,0,0,0,0,0,4,3,4,2,3,4,0,2,2,2,186,True,False
GP,M,16,U,GT3,T,1,2,services,services,other,mother,1,1,0,no,yes,yes,yes,yes,yes,yes,yes,3,3,3,1,2,3,2,11,12,11,0,0,0,0,1,0,1,2,2,2,3,0,1,1,0,1,0,0,0,0,0,0,0,3,3,3,1,2,3,0,2,2,2,187,True,False
GP,F,16,R,GT3,T,2,2,services,services,reputation,mother,2,4,0,no,yes,yes,yes,no,yes,yes,no,5,3,5,1,1,5,6,10,10,11,0,1,0,1,1,0,2,2,2,2,1,0,2,4,0,1,0,0,0,1,0,0,1,5,3,5,1,1,5,0,1,1,2,188,True,True
GP,M,17,R,GT3,T,2,2,other,other,course,father,2,2,0,no,yes,yes,yes,yes,yes,yes,no,4,5,2,1,1,1,4,11,11,11,0,0,0,1,1,0,2,2,4,4,2,1,2,2,0,1,0,0,0,0,0,0,1,4,5,2,1,1,1,0,2,2,2,189,False,True
GP,F,17,R,GT3,T,2,1,at_home,services,course,mother,3,2,0,no,no,no,yes,yes,yes,no,no,2,1,1,1,1,3,2,13,11,11,0,1,0,1,1,0,2,1,3,2,2,0,3,2,0,1,1,1,0,0,0,1,1,2,1,1,1,1,3,0,2,2,2,190,True,True
GP,M,19,U,LE3,A,4,3,services,at_home,reputation,mother,1,2,0,no,yes,no,no,yes,yes,yes,no,4,3,1,1,1,1,12,11,11,11,0,0,1,0,0,1,4,3,2,3,1,0,1,2,0,1,0,1,1,0,0,0,1,4,3,1,1,1,1,0,2,2,2,191,True,True
GP,F,18,R,GT3,T,4,4,teacher,other,reputation,mother,2,2,0,no,no,yes,yes,yes,yes,yes,no,4,3,4,2,2,4,8,12,10,11,0,1,0,1,1,0,4,4,0,4,1,0,2,2,0,1,1,0,0,0,0,0,1,4,3,4,2,2,4,0,2,1,2,192,True,False
GP,F,18,U,LE3,T,1,1,other,other,home,mother,2,2,0,no,yes,yes,no,no,yes,no,no,4,4,3,1,1,3,2,11,11,11,0,1,0,0,0,0,1,1,4,4,0,0,2,2,0,1,0,0,1,1,0,1,1,4,4,3,1,1,3,0,2,2,2,193,True,False
GP,F,17,U,GT3,T,2,2,other,other,course,mother,1,2,0,no,yes,no,no,no,yes,yes,no,5,4,5,1,2,5,4,10,9,11,0,1,0,0,1,0,2,2,4,4,2,0,1,2,0,1,0,1,1,1,0,0,1,5,4,5,1,2,5,0,1,1,2,194,False,False
GP,M,17,U,GT3,T,1,1,other,other,reputation,father,1,2,0,no,no,yes,no,no,yes,yes,no,4,3,3,1,2,4,2,12,10,11,0,0,0,0,1,0,1,1,4,4,1,1,1,2,0,1,1,0,1,1,0,0,1,4,3,3,1,2,4,0,2,1,2,195,False,False
GP,M,18,U,GT3,T,4,2,teacher,other,home,mother,1,2,0,no,yes,yes,yes,yes,yes,yes,yes,4,3,2,1,4,5,11,12,11,11,0,0,0,0,1,0,4,2,0,4,0,0,1,2,0,1,0,0,0,0,0,0,0,4,3,2,1,4,5,0,2,2,2,196,True,False
GP,M,17,U,GT3,T,3,3,health,other,home,mother,1,1,0,no,yes,yes,no,yes,yes,yes,no,4,4,3,1,3,5,4,14,12,11,0,0,0,0,1,0,3,3,1,4,0,0,1,1,0,1,0,0,1,0,0,0,1,4,4,3,1,3,5,0,2,2,2,197,False,False
GP,F,18,U,LE3,A,4,4,health,other,home,mother,1,2,0,no,yes,no,no,yes,yes,yes,yes,4,2,4,1,1,4,14,12,10,11,0,1,0,0,0,1,4,4,1,4,0,0,1,2,0,1,0,1,1,0,0,0,0,4,2,4,1,1,4,0,2,1,2,198,True,False
GP,M,19,U,GT3,T,1,2,other,services,course,other,1,2,1,no,no,no,no,no,yes,yes,no,4,5,2,2,2,4,3,13,11,11,0,0,1,0,1,0,1,2,4,2,2,2,1,2,1,1,1,1,1,1,0,0,1,4,5,2,2,2,4,0,2,2,2,199,False,True
GP,F,19,U,LE3,T,3,2,services,other,reputation,other,2,2,1,no,yes,yes,no,no,yes,yes,yes,4,2,2,1,2,1,22,13,10,11,0,1,1,0,0,0,3,2,2,4,1,2,2,2,1,1,0,0,1,1,0,0,0,4,2,2,1,2,1,0,2,1,2,200,True,True
GP,F,19,R,GT3,T,2,3,other,other,reputation,other,1,3,1,no,no,no,no,yes,yes,yes,yes,4,1,2,1,1,3,40,13,11,11,0,1,1,1,1,0,2,3,4,4,1,2,1,3,1,1,1,1,1,0,0,0,0,4,1,2,1,1,3,1,2,2,2,201,True,True
GP,F,18,U,GT3,T,4,4,teacher,other,course,mother,1,2,0,no,yes,yes,no,yes,yes,yes,no,4,4,4,3,3,5,2,11,11,11,0,1,0,0,1,0,4,4,0,4,2,0,1,2,0,1,0,0,1,0,0,0,1,4,4,4,3,3,5,0,2,2,2,202,False,True
GP,F,17,R,LE3,T,2,2,services,services,course,mother,1,3,0,no,yes,yes,yes,yes,yes,yes,no,3,3,2,2,2,3,3,11,11,11,0,1,0,1,0,0,2,2,2,2,2,0,1,3,0,1,0,0,0,0,0,0,1,3,3,2,2,2,3,0,2,2,2,203,True,False
GP,M,18,U,GT3,T,4,4,other,other,course,mother,1,3,0,no,no,no,yes,yes,yes,yes,no,4,3,3,2,2,3,3,9,12,11,0,0,0,0,1,0,4,4,4,4,2,0,1,3,0,1,1,1,0,0,0,0,1,4,3,3,2,2,3,0,1,2,2,204,True,False
GP,F,19,U,GT3,T,2,1,services,services,home,other,1,3,1,no,no,yes,yes,yes,yes,yes,yes,4,3,4,1,3,3,4,11,12,11,0,1,1,0,1,0,2,1,2,2,0,2,1,3,1,1,1,0,0,0,0,0,0,4,3,4,1,3,3,0,2,2,2,205,False,False
MS,M,17,R,GT3,T,4,3,services,other,home,mother,2,2,0,no,yes,yes,yes,no,yes,yes,yes,4,5,5,1,3,2,4,13,11,11,1,0,0,1,1,0,4,3,2,4,0,0,2,2,0,1,0,0,0,1,0,0,0,4,5,5,1,3,2,0,2,2,2,206,False,False
MS,F,17,U,LE3,A,3,2,services,other,reputation,mother,2,2,0,no,no,no,no,yes,yes,no,yes,1,2,3,1,2,5,2,12,12,11,1,1,0,0,0,1,3,2,2,4,1,0,2,2,0,1,1,1,1,0,0,1,0,1,2,3,1,2,5,0,2,2,2,207,False,False
MS,F,18,R,GT3,T,4,4,other,teacher,other,father,3,2,0,no,yes,yes,no,no,yes,yes,yes,3,2,2,4,2,5,10,14,12,11,1,1,0,1,1,0,4,4,4,0,3,1,3,2,0,1,0,0,1,1,0,0,0,3,2,2,4,2,5,0,2,2,2,208,True,True
MS,F,17,U,GT3,T,2,2,other,at_home,home,mother,1,3,0,no,no,no,yes,yes,yes,no,yes,3,4,3,1,1,3,8,13,11,11,1,1,0,0,1,0,2,2,4,3,0,0,1,3,0,1,1,1,0,0,0,1,0,3,4,3,1,1,3,0,2,2,2,209,False,True
GP,F,15,U,LE3,T,1,1,at_home,other,other,mother,1,2,3,yes,no,yes,no,yes,yes,yes,no,4,3,2,2,3,3,10,7,8,10,0,1,0,0,0,0,1,1,3,4,3,0,1,2,3,0,1,0,1,0,0,0,1,4,3,2,2,3,3,0,1,1,1,210,True,False
GP,F,16,U,GT3,T,3,3,other,other,home,father,1,2,0,no,yes,yes,no,yes,yes,no,no,4,3,2,1,2,5,4,6,10,10,0,1,0,0,1,0,3,3,4,4,0,1,1,2,0,1,0,0,1,0,0,1,1,4,3,2,1,2,5,0,1,1,1,211,False,True
GP,F,16,U,GT3,T,3,3,other,other,reputation,mother,3,2,0,yes,yes,no,yes,yes,yes,no,no,5,3,2,1,1,4,4,8,10,10,0,1,0,0,1,0,3,3,4,4,1,0,3,2,0,0,0,1,0,0,0,1,1,5,3,2,1,1,4,0,1,1,1,212,False,False
GP,M,16,U,LE3,T,4,3,health,other,home,father,1,1,0,no,no,yes,yes,yes,yes,yes,no,3,1,3,1,3,5,4,8,10,10,0,0,0,0,0,0,4,3,1,4,0,1,1,1,0,1,1,0,0,0,0,0,1,3,1,3,1,3,5,0,1,1,1,213,True,True
GP,M,15,U,LE3,A,4,2,health,health,other,father,2,1,1,no,no,no,no,yes,yes,no,no,5,5,5,3,4,5,6,11,11,10,0,0,0,0,0,1,4,2,1,1,3,1,2,1,1,1,1,1,1,0,0,1,1,5,5,5,3,4,5,0,2,2,1,214,False,False
GP,F,16,U,GT3,A,2,1,other,other,other,mother,1,2,0,no,no,yes,yes,yes,yes,yes,yes,5,3,4,1,1,2,8,8,9,10,0,1,0,0,1,1,2,1,4,4,3,0,1,2,0,1,1,0,0,0,0,0,0,5,3,4,1,1,2,0,1,1,1,215,False,True
GP,F,15,U,LE3,T,4,3,services,services,reputation,father,1,2,0,yes,no,no,yes,yes,yes,yes,yes,4,4,4,2,4,2,0,10,10,10,0,1,0,0,0,0,4,3,2,2,1,1,1,2,0,0,1,1,0,0,0,0,0,4,4,4,2,4,2,0,1,1,1,216,False,False
GP,M,15,U,GT3,T,4,2,other,other,course,mother,1,4,0,no,no,no,no,yes,yes,yes,no,3,3,3,1,1,3,0,10,10,10,0,0,0,0,1,0,4,2,4,4,2,0,1,4,0,1,1,1,1,0,0,0,1,3,3,3,1,1,3,0,1,1,1,217,False,False
GP,M,15,U,GT3,T,4,3,teacher,other,home,mother,1,2,0,no,yes,yes,yes,yes,yes,yes,no,4,3,3,2,3,5,6,9,9,10,0,0,0,0,1,0,4,3,0,4,0,0,1,2,0,1,0,0,0,0,0,0,1,4,3,3,2,3,5,0,1,1,1,218,True,False
GP,M,15,U,GT3,T,4,0,teacher,other,course,mother,2,4,0,no,no,no,yes,yes,yes,yes,no,3,4,3,1,1,1,8,11,11,10,0,0,0,0,1,0,4,0,0,4,2,0,2,4,0,1,1,1,0,0,0,0,1,3,4,3,1,1,1,0,2,2,1,219,False,True
GP,M,17,U,GT3,T,2,1,other,other,home,mother,2,1,3,yes,yes,no,yes,yes,no,yes,no,4,5,1,1,1,3,2,8,8,10,0,0,0,0,1,0,2,1,4,4,0,0,2,1,3,0,0,1,0,0,1,0,1,4,5,1,1,1,3,0,1,1,1,220,False,False
GP,F,15,U,GT3,T,1,1,other,other,home,father,1,2,0,no,yes,no,yes,no,yes,yes,no,4,3,2,2,3,4,2,9,10,10,0,1,0,0,1,0,1,1,4,4,0,1,1,2,0,1,0,1,0,1,0,0,1,4,3,2,2,3,4,0,1,1,1,221,False,True
GP,M,16,U,GT3,T,2,2,services,other,reputation,father,2,2,1,no,no,yes,yes,no,yes,yes,no,4,4,2,1,1,3,12,11,10,10,0,0,0,0,1,0,2,2,2,4,1,1,2,2,1,1,1,0,0,1,0,0,1,4,4,2,1,1,3,0,2,1,1,222,True,True
GP,F,16,U,GT3,T,4,2,teacher,services,home,mother,2,2,0,no,yes,yes,yes,yes,yes,yes,no,5,3,3,1,1,1,0,11,10,10,0,1,0,0,1,0,4,2,0,2,0,0,2,2,0,1,0,0,0,0,0,0,1,5,3,3,1,1,1,0,2,1,1,223,True,False
GP,F,15,R,GT3,T,1,1,at_home,other,home,mother,2,4,1,yes,yes,yes,yes,yes,yes,yes,no,3,1,2,1,1,1,2,7,10,10,0,1,0,1,1,0,1,1,3,4,0,0,2,4,1,0,0,0,0,0,0,0,1,3,1,2,1,1,1,0,1,1,1,224,True,False
GP,F,16,U,GT3,T,2,1,other,other,course,mother,1,2,0,no,yes,yes,no,yes,yes,no,yes,4,3,5,1,1,5,2,8,9,10,0,1,0,0,1,0,2,1,4,4,2,0,1,2,0,1,0,0,1,0,0,1,0,4,3,5,1,1,5,0,1,1,1,225,False,False
GP,F,16,R,GT3,T,3,3,services,other,reputation,father,1,3,1,yes,yes,no,yes,yes,yes,yes,no,4,1,2,1,1,2,0,7,10,10,0,1,0,1,1,0,3,3,2,4,1,1,1,3,1,0,0,1,0,0,0,0,1,4,1,2,1,1,2,0,1,1,1,226,True,False
GP,M,15,U,LE3,A,2,1,services,other,course,mother,4,1,3,no,no,no,no,yes,yes,yes,no,4,5,5,2,5,5,0,8,9,10,0,0,0,0,0,1,2,1,2,4,2,0,4,1,3,1,1,1,1,0,0,0,1,4,5,5,2,5,5,0,1,1,1,227,True,False
GP,F,15,R,GT3,T,3,3,services,services,reputation,other,2,3,2,no,yes,yes,yes,yes,yes,yes,yes,4,2,1,2,3,3,8,10,10,10,0,1,0,1,1,0,3,3,2,2,1,2,2,3,2,1,0,0,0,0,0,0,0,4,2,1,2,3,3,0,1,1,1,228,False,False
GP,F,18,R,GT3,T,1,1,at_home,other,course,mother,3,1,3,no,yes,no,yes,no,yes,no,no,5,2,5,1,5,4,6,9,8,10,0,1,0,1,1,0,1,1,3,4,2,0,3,1,3,1,0,1,0,1,0,1,1,5,2,5,1,5,4,0,1,1,1,229,True,False
GP,M,17,U,GT3,T,1,3,at_home,services,course,father,1,1,0,no,no,no,no,yes,no,yes,no,5,3,3,1,4,2,2,10,10,10,0,0,0,0,1,0,1,3,3,2,2,1,1,1,0,1,1,1,1,0,1,0,1,5,3,3,1,4,2,0,1,1,1,230,True,False
GP,M,16,U,GT3,T,2,2,other,other,course,father,1,2,0,no,no,no,no,yes,no,yes,no,4,3,5,2,4,4,4,10,10,10,0,0,0,0,1,0,2,2,4,4,2,1,1,2,0,1,1,1,1,0,1,0,1,4,3,5,2,4,4,0,1,1,1,231,False,True
GP,M,17,U,LE3,T,4,4,teacher,other,reputation,mother,1,2,0,no,yes,yes,yes,yes,yes,yes,no,4,4,4,1,3,5,0,13,11,10,0,0,0,0,0,0,4,4,0,4,1,0,1,2,0,1,0,0,0,0,0,0,1,4,4,4,1,3,5,0,2,2,1,232,False,True
GP,M,17,R,GT3,T,1,2,at_home,other,home,mother,1,2,0,no,no,no,no,yes,yes,no,no,3,1,3,1,5,3,4,8,9,10,0,0,0,1,1,0,1,2,3,4,0,0,1,2,0,1,1,1,1,0,0,1,1,3,1,3,1,5,3,0,1,1,1,233,True,True
GP,M,16,R,GT3,T,3,3,services,services,reputation,mother,1,1,0,no,yes,no,yes,yes,yes,yes,no,4,3,2,3,4,5,8,8,9,10,0,0,0,1,1,0,3,3,2,2,1,0,1,1,0,1,0,1,0,0,0,0,1,4,3,2,3,4,5,0,1,1,1,234,False,False
GP,M,16,R,LE3,T,3,3,teacher,other,home,father,3,1,0,no,yes,yes,yes,yes,yes,yes,no,3,3,4,3,5,3,8,9,9,10,0,0,0,1,0,0,3,3,0,4,0,1,3,1,0,1,0,0,0,0,0,0,1,3,3,4,3,5,3,0,1,1,1,235,False,True
GP,F,16,U,LE3,T,4,4,teacher,teacher,reputation,mother,1,2,0,no,yes,yes,no,yes,yes,yes,no,4,5,2,1,2,3,0,9,9,10,0,1,0,0,0,0,4,4,0,0,1,0,1,2,0,1,0,0,1,0,0,0,1,4,5,2,1,2,3,0,1,1,1,236,False,True
GP,F,16,U,GT3,T,2,3,other,other,reputation,mother,1,2,0,yes,yes,yes,yes,yes,yes,no,no,4,4,3,1,3,4,6,8,10,10,0,1,0,0,1,0,2,3,4,4,1,0,1,2,0,0,0,0,0,0,0,1,1,4,4,3,1,3,4,0,1,1,1,237,False,False
GP,F,17,U,GT3,T,1,1,other,other,course,mother,1,2,0,no,yes,yes,no,no,yes,no,no,4,4,4,1,3,1,4,9,9,10,0,1,0,0,1,0,1,1,4,4,2,0,1,2,0,1,0,0,1,1,0,1,1,4,4,4,1,3,1,0,1,1,1,238,False,False
GP,F,16,U,GT3,T,1,1,at_home,other,home,mother,2,1,0,no,yes,yes,no,yes,yes,no,no,4,3,2,1,4,5,6,9,9,10,0,1,0,0,1,0,1,1,3,4,0,0,2,1,0,1,0,0,1,0,0,1,1,4,3,2,1,4,5,0,1,1,1,239,False,False
GP,F,17,R,LE3,T,4,4,services,other,other,mother,1,1,0,no,yes,yes,no,yes,yes,no,no,5,2,1,1,2,3,12,8,10,10,0,1,0,1,0,0,4,4,2,4,3,0,1,1,0,1,0,0,1,0,0,1,1,5,2,1,1,2,3,0,1,1,1,240,False,False
GP,F,17,U,GT3,T,2,2,at_home,at_home,course,mother,1,3,0,no,yes,yes,yes,yes,yes,yes,no,4,3,3,1,1,4,4,9,10,10,0,1,0,0,1,0,2,2,3,3,2,0,1,3,0,1,0,0,0,0,0,0,1,4,3,3,1,1,4,0,1,1,1,241,False,True
GP,M,16,U,GT3,T,3,2,at_home,other,reputation,mother,2,3,0,no,no,no,yes,yes,yes,yes,yes,5,3,3,1,3,2,10,11,9,10,0,0,0,0,1,0,3,2,3,4,1,0,2,3,0,1,1,1,0,0,0,0,0,5,3,3,1,3,2,0,2,1,1,242,True,True
GP,M,16,U,GT3,T,3,3,at_home,other,reputation,other,3,2,0,yes,yes,no,no,no,yes,yes,no,5,3,3,1,3,2,6,7,10,10,0,0,0,0,1,0,3,3,3,4,1,2,3,2,0,0,0,1,1,1,0,0,1,5,3,3,1,3,2,0,1,1,1,243,True,False
GP,M,17,U,GT3,T,3,1,services,other,other,mother,1,2,0,no,no,yes,yes,yes,yes,yes,yes,5,4,4,3,4,5,2,9,9,10,0,0,0,0,1,0,3,1,2,4,3,0,1,2,0,1,1,0,0,0,0,0,0,5,4,4,3,4,5,0,1,1,1,244,True,True
GP,M,18,U,GT3,T,4,2,health,other,reputation,father,1,2,0,no,yes,yes,yes,yes,yes,yes,yes,5,4,5,1,3,5,10,10,9,10,0,0,0,0,1,0,4,2,1,4,1,1,1,2,0,1,0,0,0,0,0,0,0,5,4,5,1,3,5,0,1,1,1,245,True,True
GP,F,17,U,GT3,T,2,4,at_home,health,reputation,mother,2,2,0,no,yes,yes,no,yes,yes,yes,yes,4,3,3,1,1,1,2,10,10,10,0,1,0,0,1,0,2,4,3,1,1,0,2,2,0,1,0,0,1,0,0,0,0,4,3,3,1,1,1,0,1,1,1,246,True,True
GP,M,18,U,LE3,T,4,3,teacher,services,course,mother,2,1,0,no,no,yes,yes,yes,yes,yes,no,4,2,3,1,2,1,8,10,11,10,0,0,0,0,0,0,4,3,0,2,2,0,2,1,0,1,1,0,0,0,0,0,1,4,2,3,1,2,1,0,1,2,1,247,False,True
GP,M,17,U,LE3,A,3,2,teacher,services,home,mother,1,1,1,no,no,no,no,yes,yes,yes,no,4,4,4,3,4,3,19,11,9,10,0,0,0,0,0,1,3,2,0,2,0,0,1,1,1,1,1,1,1,0,0,0,1,4,4,4,3,4,3,0,2,1,1,248,False,True
GP,F,18,U,GT3,T,1,1,other,other,home,mother,2,2,0,yes,no,no,yes,yes,yes,yes,no,5,4,4,1,1,4,4,8,9,10,0,1,0,0,1,0,1,1,4,4,0,0,2,2,0,0,1,1,0,0,0,0,1,5,4,4,1,1,4,0,1,1,1,249,True,True
GP,M,17,U,LE3,T,4,4,other,teacher,home,father,2,1,0,no,no,yes,no,yes,yes,yes,no,4,1,1,2,2,5,0,11,11,10,0,0,0,0,0,0,4,4,4,0,0,1,2,1,0,1,1,0,1,0,0,0,1,4,1,1,2,2,5,0,2,2,1,250,True,False
GP,F,19,U,LE3,T,1,1,at_home,other,reputation,other,1,2,1,yes,yes,no,yes,no,yes,yes,no,4,4,3,1,3,3,18,12,10,10,0,1,1,0,0,0,1,1,3,4,1,2,1,2,1,0,0,1,0,1,0,0,1,4,4,3,1,3,3,0,2,1,1,251,False,False
GP,F,17,R,GT3,T,3,4,at_home,services,course,father,1,3,0,no,yes,yes,yes,no,yes,yes,no,4,3,4,2,5,5,0,11,11,10,0,1,0,1,1,0,3,4,3,2,2,1,1,3,0,1,0,0,0,1,0,0,1,4,3,4,2,5,5,0,2,2,1,252,True,False
GP,M,17,R,GT3,T,2,2,services,other,course,mother,4,1,0,no,yes,no,no,yes,yes,yes,no,4,4,5,5,5,4,8,11,10,10,0,0,0,1,1,0,2,2,2,4,2,0,4,1,0,1,0,1,1,0,0,0,1,4,4,5,5,5,4,0,2,1,1,253,False,False
GP,F,17,R,GT3,A,3,2,other,other,home,mother,1,2,0,no,yes,yes,no,yes,yes,yes,no,4,3,3,2,3,2,4,9,10,10,0,1,0,1,1,1,3,2,4,4,0,0,1,2,0,1,0,0,1,0,0,0,1,4,3,3,2,3,2,0,1,1,1,254,True,False
GP,F,18,U,GT3,T,2,3,at_home,other,course,mother,1,3,0,no,yes,no,no,yes,yes,yes,no,4,3,3,1,2,3,4,11,10,10,0,1,0,0,1,0,2,3,3,4,2,0,1,3,0,1,0,1,1,0,0,0,1,4,3,3,1,2,3,0,2,1,1,255,True,False
MS,M,18,U,LE3,T,1,1,other,services,home,father,2,1,0,no,no,no,no,no,yes,yes,yes,3,3,2,1,2,3,4,10,10,10,1,0,0,0,0,0,1,1,4,2,0,1,2,1,0,1,1,1,1,1,0,0,0,3,3,2,1,2,3,0,1,1,1,256,False,True
MS,F,18,U,GT3,T,3,3,services,services,other,mother,2,2,0,no,yes,no,no,yes,yes,yes,yes,4,3,2,1,3,3,0,11,11,10,1,1,0,0,1,0,3,3,2,2,3,0,2,2,0,1,0,1,1,0,0,0,0,4,3,2,1,3,3,0,2,2,1,257,False,False
MS,M,18,R,GT3,T,1,3,at_home,other,course,mother,2,2,0,no,yes,yes,no,yes,yes,no,no,3,3,4,2,4,3,4,10,10,10,1,0,0,1,1,0,1,3,3,4,2,0,2,2,0,1,0,0,1,0,0,1,1,3,3,4,2,4,3,0,1,1,1,258,False,False
MS,F,18,U,GT3,T,2,3,at_home,services,course,father,2,1,0,no,yes,yes,no,yes,yes,yes,yes,5,2,3,1,2,4,0,11,10,10,1,1,0,0,1,0,2,3,3,2,2,1,2,1,0,1,0,0,1,0,0,0,0,5,2,3,1,2,4,0,2,1,1,259,False,True
MS,F,18,R,GT3,T,1,1,other,other,home,mother,4,3,0,no,no,no,no,yes,yes,yes,no,4,3,2,1,2,4,2,8,8,10,1,1,0,1,1,0,1,1,4,4,0,0,4,3,0,1,1,1,1,0,0,0,1,4,3,2,1,2,4,0,1,1,1,260,True,False
MS,F,18,R,LE3,T,4,4,teacher,services,course,mother,1,2,0,no,no,yes,yes,yes,yes,yes,no,5,4,3,3,4,2,4,8,9,10,1,1,0,1,0,0,4,4,0,2,2,0,1,2,0,1,1,0,0,0,0,0,1,5,4,3,3,4,2,0,1,1,1,261,True,False
MS,F,17,R,GT3,T,3,1,at_home,other,reputation,mother,1,2,0,no,yes,yes,yes,no,yes,yes,no,4,5,4,2,3,1,17,10,10,10,1,1,0,1,1,0,3,1,3,4,1,0,1,2,0,1,0,0,0,1,0,0,1,4,5,4,2,3,1,0,1,1,1,262,True,False
MS,M,17,U,GT3,T,2,3,other,services,home,father,2,2,0,no,no,no,yes,yes,yes,yes,no,4,4,3,1,1,3,2,11,11,10,1,0,0,0,1,0,2,3,4,2,0,1,2,2,0,1,1,1,0,0,0,0,1,4,4,3,1,1,3,0,2,2,1,263,False,False
MS,F,18,R,GT3,T,2,2,at_home,other,other,mother,2,3,0,no,no,yes,no,yes,yes,no,no,5,3,3,1,3,4,2,10,9,10,1,1,0,1,1,0,2,2,3,4,3,0,2,3,0,1,1,0,1,0,0,1,1,5,3,3,1,3,4,0,1,1,1,264,False,True
MS,M,18,R,LE3,T,3,2,services,other,course,mother,3,1,0,no,no,no,no,no,yes,yes,no,4,4,1,3,4,5,0,11,12,10,1,0,0,1,0,0,3,2,2,4,2,0,3,1,0,1,1,1,1,1,0,0,1,4,4,1,3,4,5,0,2,2,1,265,False,False
GP,F,15,U,GT3,T,4,4,teacher,health,reputation,mother,1,2,0,no,yes,yes,no,yes,yes,yes,no,3,3,3,1,2,2,0,10,8,9,0,1,0,0,1,0,4,4,0,1,1,0,1,2,0,1,0,0,1,0,0,0,1,3,3,3,1,2,2,0,1,1,1,266,True,False
GP,F,16,U,LE3,T,2,2,other,at_home,course,father,2,2,1,yes,no,no,yes,yes,yes,yes,no,4,3,3,2,2,5,14,10,10,9,0,1,0,0,0,0,2,2,4,3,2,1,2,2,1,0,1,1,0,0,0,0,1,4,3,3,2,2,5,0,1,1,1,267,False,False
GP,M,15,U,LE3,T,1,2,other,at_home,home,father,1,2,0,yes,yes,no,yes,yes,yes,yes,no,4,3,2,1,1,5,2,9,10,9,0,0,0,0,0,0,1,2,4,3,0,1,1,2,0,0,0,1,0,0,0,0,1,4,3,2,1,1,5,0,1,1,1,268,True,False
GP,F,16,U,LE3,T,1,2,other,services,reputation,father,1,2,0,yes,no,no,yes,yes,yes,yes,no,4,4,3,1,1,1,4,8,10,9,0,1,0,0,0,0,1,2,4,2,1,1,1,2,0,0,1,1,0,0,0,0,1,4,4,3,1,1,1,0,1,1,1,269,False,False
GP,F,16,U,GT3,T,4,3,teacher,health,home,mother,1,3,0,yes,yes,yes,yes,yes,yes,yes,no,3,4,4,2,4,4,2,10,9,9,0,1,0,0,1,0,4,3,0,1,0,0,1,3,0,0,0,0,0,0,0,0,1,3,4,4,2,4,4,0,1,1,1,270,True,False
GP,M,15,R,GT3,T,2,1,health,services,reputation,mother,1,2,0,no,no,no,yes,yes,yes,yes,yes,5,4,2,1,1,5,8,9,9,9,0,0,0,1,1,0,2,1,1,2,1,0,1,2,0,1,1,1,0,0,0,0,0,5,4,2,1,1,5,0,1,1,1,271,False,False
GP,F,19,U,GT3,T,0,1,at_home,other,course,other,1,2,3,no,yes,no,no,no,no,no,no,3,4,2,1,1,5,2,7,8,9,0,1,1,0,1,0,0,1,3,4,2,2,1,2,3,1,0,1,1,1,1,1,1,3,4,2,1,1,5,0,1,1,1,272,False,True
GP,M,16,U,LE3,T,2,2,services,services,reputation,father,2,1,2,no,yes,no,yes,yes,yes,yes,no,2,3,3,2,2,2,8,9,9,9,0,0,0,0,0,0,2,2,2,2,1,1,2,1,2,1,0,1,0,0,0,0,1,2,3,3,2,2,2,0,1,1,1,273,True,True
GP,F,16,U,LE3,T,3,3,other,other,reputation,mother,2,2,0,no,yes,yes,yes,yes,yes,yes,no,4,4,5,1,1,4,4,10,11,9,0,1,0,0,0,0,3,3,4,4,1,0,2,2,0,1,0,0,0,0,0,0,1,4,4,5,1,1,4,0,1,2,1,274,True,True
GP,M,17,U,LE3,T,4,3,teacher,other,course,mother,2,2,0,no,no,yes,yes,yes,yes,yes,no,4,4,4,4,4,4,4,10,9,9,0,0,0,0,0,0,4,3,0,4,2,0,2,2,0,1,1,0,0,0,0,0,1,4,4,4,4,4,4,0,1,1,1,275,False,False
GP,M,16,R,GT3,T,4,2,teacher,services,other,mother,1,1,0,no,yes,no,yes,yes,yes,yes,yes,4,3,3,3,4,3,10,10,8,9,0,0,0,1,1,0,4,2,0,2,3,0,1,1,0,1,0,1,0,0,0,0,0,4,3,3,3,4,3,0,1,1,1,276,True,True
GP,F,17,U,GT3,A,3,3,health,other,reputation,mother,1,2,0,no,yes,no,no,no,yes,yes,yes,3,3,3,1,3,3,6,8,7,9,0,1,0,0,1,1,3,3,1,4,1,0,1,2,0,1,0,1,1,1,0,0,0,3,3,3,1,3,3,0,1,1,1,277,False,False
GP,F,17,U,GT3,T,1,1,at_home,services,course,mother,1,2,0,no,no,no,yes,yes,yes,yes,no,5,3,3,1,1,3,0,8,8,9,0,1,0,0,1,0,1,1,3,2,2,0,1,2,0,1,1,1,0,0,0,0,1,5,3,3,1,1,3,0,1,1,1,278,False,False
GP,F,17,U,GT3,T,3,4,at_home,services,home,mother,1,3,1,no,yes,yes,no,yes,yes,yes,yes,4,4,3,3,4,5,28,10,9,9,0,1,0,0,1,0,3,4,3,2,0,0,1,3,1,1,0,0,1,0,0,0,0,4,4,3,3,4,5,0,1,1,1,279,False,False
GP,M,18,U,LE3,T,2,1,at_home,other,course,mother,4,2,0,yes,yes,yes,yes,yes,yes,yes,yes,4,3,2,4,5,3,14,10,8,9,0,0,0,0,0,0,2,1,3,4,2,0,4,2,0,0,0,0,0,0,0,0,0,4,3,2,4,5,3,0,1,1,1,280,True,True
GP,M,17,U,GT3,T,4,4,teacher,teacher,reputation,mother,1,2,0,yes,yes,no,yes,yes,yes,yes,yes,4,5,5,1,3,2,14,11,9,9,0,0,0,0,1,0,4,4,0,0,1,0,1,2,0,0,0,1,0,0,0,0,0,4,5,5,1,3,2,0,2,1,1,281,False,False
GP,F,17,U,GT3,T,3,3,other,other,home,mother,1,3,0,no,no,no,yes,no,yes,no,no,3,2,3,1,1,4,4,10,9,9,0,1,0,0,1,0,3,3,4,4,0,0,1,3,0,1,1,1,0,1,0,1,1,3,2,3,1,1,4,0,1,1,1,282,True,False
GP,F,19,U,GT3,T,3,3,other,services,home,other,1,2,2,no,yes,yes,yes,yes,yes,yes,no,4,3,5,3,3,5,15,9,9,9,0,1,1,0,1,0,3,3,4,2,0,2,1,2,2,1,0,0,0,0,0,0,1,4,3,5,3,3,5,0,1,1,1,283,False,False
GP,F,18,R,GT3,A,3,2,other,services,home,mother,2,2,0,no,no,no,no,no,no,yes,yes,4,1,1,1,1,5,75,10,9,9,0,1,0,1,1,1,3,2,4,2,0,0,2,2,0,1,1,1,1,1,1,0,0,4,1,1,1,1,5,2,1,1,1,284,True,True
GP,M,18,U,GT3,T,4,4,teacher,services,home,mother,2,1,0,no,no,yes,yes,yes,yes,yes,no,3,2,4,1,4,3,22,9,9,9,0,0,0,0,1,0,4,4,0,2,0,0,2,1,0,1,1,0,0,0,0,0,1,3,2,4,1,4,3,0,1,1,1,285,False,False
GP,F,18,U,GT3,T,4,3,other,other,course,mother,1,3,0,no,yes,yes,yes,yes,yes,yes,yes,4,3,4,1,1,5,9,9,10,9,0,1,0,0,1,0,4,3,4,4,2,0,1,3,0,1,0,0,0,0,0,0,0,4,3,4,1,1,5,0,1,1,1,286,True,False
GP,F,17,U,GT3,T,2,2,other,other,course,mother,1,2,0,no,yes,no,no,yes,yes,no,yes,4,2,2,1,1,3,12,11,9,9,0,1,0,0,1,0,2,2,4,4,2,0,1,2,0,1,0,1,1,0,0,1,0,4,2,2,1,1,3,0,2,1,1,287,False,True
GP,F,17,U,GT3,T,4,4,teacher,services,course,mother,1,3,0,no,yes,yes,yes,yes,yes,yes,no,5,4,4,1,3,4,7,10,9,9,0,1,0,0,1,0,4,4,0,2,2,0,1,3,0,1,0,0,0,0,0,0,1,5,4,4,1,3,4,0,1,1,1,288,True,True
GP,M,18,U,GT3,T,4,3,teacher,other,course,mother,1,3,0,no,yes,yes,no,yes,yes,yes,yes,5,4,5,2,3,5,0,10,10,9,0,0,0,0,1,0,4,3,0,4,2,0,1,3,0,1,0,0,1,0,0,0,0,5,4,5,2,3,5,0,1,1,1,289,True,False
MS,F,18,U,GT3,T,3,3,services,services,course,father,1,2,0,no,yes,no,no,yes,yes,no,yes,5,3,4,1,1,5,0,10,9,9,1,1,0,0,1,0,3,3,2,2,2,1,1,2,0,1,0,1,1,0,0,1,0,5,3,4,1,1,5,0,1,1,1,290,False,True
MS,F,19,U,LE3,T,3,2,services,services,home,other,2,2,2,no,no,no,yes,yes,yes,no,yes,3,2,2,1,1,3,4,7,7,9,1,1,1,0,0,0,3,2,2,2,0,2,2,2,2,1,1,1,0,0,0,1,0,3,2,2,1,1,3,0,1,1,1,291,False,True
MS,M,20,U,LE3,A,2,2,services,services,course,other,1,2,2,no,yes,yes,no,yes,yes,no,no,5,5,4,4,5,4,11,9,9,9,1,0,1,0,0,1,2,2,2,2,2,2,1,2,2,1,0,0,1,0,0,1,1,5,5,4,4,5,4,0,1,1,1,292,True,False
MS,M,19,U,LE3,T,1,1,other,at_home,course,father,1,1,0,no,no,no,no,yes,yes,yes,no,3,2,3,3,3,5,5,8,9,9,1,0,1,0,0,0,1,1,4,3,2,1,1,1,0,1,1,1,1,0,0,0,1,3,2,3,3,3,5,0,1,1,1,293,False,True
GP,F,15,R,GT3,T,2,4,services,health,course,mother,1,3,0,yes,yes,yes,yes,yes,yes,yes,no,4,3,2,1,1,5,2,10,9,8,0,1,0,1,1,0,2,4,2,1,2,0,1,3,0,0,0,0,0,0,0,0,1,4,3,2,1,1,5,0,1,1,1,294,False,False
GP,F,16,U,GT3,T,2,2,services,services,home,mother,1,1,2,no,yes,yes,no,no,yes,yes,no,1,2,2,1,3,5,14,6,9,8,0,1,0,0,1,0,2,2,2,2,0,0,1,1,2,1,0,0,1,1,0,0,1,1,2,2,1,3,5,0,1,1,1,295,False,False
GP,F,15,R,LE3,T,2,2,health,services,reputation,mother,2,2,0,yes,yes,yes,no,yes,yes,yes,no,4,1,3,1,3,4,2,8,9,8,0,1,0,1,0,0,2,2,1,2,1,0,2,2,0,0,0,0,1,0,0,0,1,4,1,3,1,3,4,0,1,1,1,296,True,True
GP,F,15,U,GT3,T,4,4,services,services,reputation,father,2,2,2,no,no,yes,no,yes,yes,yes,yes,4,4,4,2,3,5,6,7,9,8,0,1,0,0,1,0,4,4,2,2,1,1,2,2,2,1,1,0,1,0,0,0,0,4,4,4,2,3,5,0,1,1,1,297,True,False
GP,F,16,U,GT3,T,3,3,other,other,home,mother,1,3,0,no,yes,yes,no,yes,yes,yes,yes,4,3,3,1,3,4,0,7,7,8,0,1,0,0,1,0,3,3,4,4,0,0,1,3,0,1,0,0,1,0,0,0,0,4,3,3,1,3,4,0,1,1,1,298,False,True
GP,F,16,U,GT3,T,4,3,other,at_home,course,mother,1,3,0,yes,yes,yes,no,yes,yes,yes,no,5,3,5,1,1,3,0,7,9,8,0,1,0,0,1,0,4,3,4,3,2,0,1,3,0,0,0,0,1,0,0,0,1,5,3,5,1,1,3,0,1,1,1,299,False,False
GP,F,15,U,GT3,T,2,2,other,other,course,mother,1,4,0,yes,yes,yes,no,yes,yes,yes,no,5,1,2,1,1,3,8,7,8,8,0,1,0,0,1,0,2,2,4,4,2,0,1,4,0,0,0,0,1,0,0,0,1,5,1,2,1,1,3,0,1,1,1,300,False,True
GP,M,17,R,GT3,T,1,3,other,other,course,father,3,2,1,no,yes,no,yes,yes,yes,yes,no,5,2,4,1,4,5,20,9,7,8,0,0,0,1,1,0,1,3,4,4,2,1,3,2,1,1,0,1,0,0,0,0,1,5,2,4,1,4,5,0,1,1,1,301,False,True
GP,F,16,U,GT3,T,2,2,other,other,home,mother,1,2,0,no,no,yes,no,yes,yes,yes,yes,5,4,4,1,1,5,0,8,7,8,0,1,0,0,1,0,2,2,4,4,0,0,1,2,0,1,1,0,1,0,0,0,0,5,4,4,1,1,5,0,1,1,1,302,False,False
GP,M,15,R,GT3,T,2,3,at_home,services,course,mother,1,2,0,yes,no,yes,yes,yes,yes,no,no,4,4,4,1,1,1,2,11,8,8,0,0,0,1,1,0,2,3,3,2,2,0,1,2,0,0,1,0,0,0,0,1,1,4,4,4,1,1,1,0,2,1,1,303,False,False
GP,M,16,U,GT3,T,4,3,teacher,other,home,mother,1,2,0,no,yes,yes,yes,yes,yes,yes,no,3,4,3,2,3,3,10,9,8,8,0,0,0,0,1,0,4,3,0,4,0,0,1,2,0,1,0,0,0,0,0,0,1,3,4,3,2,3,3,0,1,1,1,304,True,True
GP,F,17,U,LE3,T,3,3,other,other,reputation,mother,1,2,0,no,yes,no,yes,yes,yes,yes,yes,5,3,3,2,3,1,56,9,9,8,0,1,0,0,0,0,3,3,4,4,1,0,1,2,0,1,0,1,0,0,0,0,0,5,3,3,2,3,1,1,1,1,1,305,False,False
GP,M,17,U,GT3,T,1,2,at_home,services,other,other,2,2,0,no,no,yes,yes,no,yes,yes,no,4,4,4,4,5,5,12,7,8,8,0,0,0,0,1,0,1,2,3,2,3,2,2,2,0,1,1,0,0,1,0,0,1,4,4,4,4,5,5,0,1,1,1,306,False,False
GP,F,19,U,GT3,T,3,3,other,other,reputation,other,1,4,0,no,yes,yes,yes,yes,yes,yes,no,4,3,3,1,2,3,10,8,8,8,0,1,1,0,1,0,3,3,4,4,1,2,1,4,0,1,0,0,0,0,0,0,1,4,3,3,1,2,3,0,1,1,1,307,False,False
GP,M,18,U,GT3,T,2,2,services,other,home,mother,1,2,1,no,yes,yes,yes,yes,yes,yes,no,4,4,4,2,4,5,15,6,7,8,0,0,0,0,1,0,2,2,2,4,0,0,1,2,1,1,0,0,0,0,0,0,1,4,4,4,2,4,5,0,1,1,1,308,False,True
GP,M,18,U,LE3,T,3,3,services,health,home,father,1,2,1,no,yes,yes,no,yes,yes,yes,no,3,2,4,2,4,4,13,6,6,8,0,0,0,0,0,0,3,3,2,1,0,1,1,2,1,1,0,0,1,0,0,0,1,3,2,4,2,4,4,0,1,1,1,309,False,False
GP,F,17,U,GT3,T,2,3,at_home,other,home,father,2,1,0,no,yes,yes,no,yes,yes,no,no,3,3,3,1,4,3,3,7,7,8,0,1,0,0,1,0,2,3,3,4,0,1,2,1,0,1,0,0,1,0,0,1,1,3,3,3,1,4,3,0,1,1,1,310,False,False
GP,M,22,U,GT3,T,3,1,services,services,other,mother,1,1,3,no,no,no,no,no,no,yes,yes,5,4,5,5,5,1,16,6,8,8,0,0,1,0,1,0,3,1,2,2,3,0,1,1,3,1,1,1,1,1,1,0,0,5,4,5,5,5,1,0,1,1,1,311,True,True
GP,M,18,U,GT3,T,3,2,services,other,course,mother,2,1,1,no,no,no,no,yes,no,yes,no,4,4,5,2,4,5,0,6,8,8,0,0,0,0,1,0,3,2,2,4,2,0,2,1,1,1,1,1,1,0,1,0,1,4,4,5,2,4,5,0,1,1,1,312,False,True
GP,M,18,U,GT3,T,2,1,services,services,other,mother,1,1,1,no,no,no,no,no,no,yes,no,3,2,5,2,5,5,4,6,9,8,0,0,0,0,1,0,2,1,2,2,3,0,1,1,1,1,1,1,1,1,1,0,1,3,2,5,2,5,5,0,1,1,1,313,True,True
GP,M,16,R,GT3,T,2,1,other,other,course,mother,2,1,0,no,no,no,yes,no,yes,no,no,3,3,2,1,3,3,0,8,9,8,0,0,0,1,1,0,2,1,4,4,2,0,2,1,0,1,1,1,0,1,0,1,1,3,3,2,1,3,3,0,1,1,1,314,True,False
GP,M,17,U,LE3,T,1,1,health,other,course,mother,2,1,1,no,yes,no,yes,yes,yes,yes,no,4,4,4,1,2,5,2,7,9,8,0,0,0,0,0,0,1,1,1,4,2,0,2,1,1,1,0,1,0,0,0,0,1,4,4,4,1,2,5,0,1,1,1,315,False,False
GP,M,18,U,GT3,T,4,3,teacher,other,course,mother,1,2,0,no,yes,yes,no,no,yes,yes,no,4,3,2,1,1,3,2,8,8,8,0,0,0,0,1,0,4,3,0,4,2,0,1,2,0,1,0,0,1,1,0,0,1,4,3,2,1,1,3,0,1,1,1,316,True,False
GP,F,18,U,GT3,T,4,4,health,health,reputation,father,1,2,1,yes,yes,no,yes,yes,yes,yes,yes,2,4,4,1,1,4,15,9,8,8,0,1,0,0,1,0,4,4,1,1,1,1,1,2,1,0,0,1,0,0,0,0,0,2,4,4,1,1,4,0,1,1,1,317,False,False
GP,M,17,U,LE3,A,4,1,services,other,home,mother,2,1,0,no,no,yes,yes,yes,yes,yes,yes,4,5,4,2,4,5,30,8,8,8,0,0,0,0,0,1,4,1,2,4,0,0,2,1,0,1,1,0,0,0,0,0,0,4,5,4,2,4,5,0,1,1,1,318,True,True
GP,F,18,U,LE3,T,4,3,other,other,home,other,2,2,0,no,yes,yes,no,yes,yes,yes,yes,4,4,5,1,2,2,10,10,8,8,0,1,0,0,0,0,4,3,4,4,0,2,2,2,0,1,0,0,1,0,0,0,0,4,4,5,1,2,2,0,1,1,1,319,True,False
GP,M,19,U,GT3,T,4,4,teacher,services,reputation,other,2,1,1,no,yes,yes,no,yes,yes,yes,yes,4,3,4,1,1,4,38,8,9,8,0,0,1,0,1,0,4,4,0,2,1,2,2,1,1,1,0,0,1,0,0,0,0,4,3,4,1,1,4,1,1,1,1,320,False,False
GP,M,18,U,LE3,T,2,2,other,other,course,mother,1,4,0,no,yes,no,yes,yes,yes,yes,no,4,5,5,2,4,5,2,9,8,8,0,0,0,0,0,0,2,2,4,4,2,0,1,4,0,1,0,1,0,0,0,0,1,4,5,5,2,4,5,0,1,1,1,321,False,True
MS,M,19,R,GT3,T,1,1,other,services,home,other,3,2,3,no,no,no,no,yes,yes,yes,no,5,4,4,3,3,2,8,8,7,8,1,0,1,1,1,0,1,1,4,2,0,2,3,2,3,1,1,1,1,0,0,0,1,5,4,4,3,3,2,0,1,1,1,322,False,False
MS,M,18,U,LE3,T,1,3,at_home,services,course,mother,1,1,1,no,no,no,no,yes,no,yes,yes,4,3,3,2,3,3,7,8,7,8,1,0,0,0,0,0,1,3,3,2,2,0,1,1,1,1,1,1,1,0,1,0,0,4,3,3,2,3,3,0,1,1,1,323,True,True
MS,M,19,R,GT3,T,1,1,other,other,home,other,3,1,1,no,yes,no,no,yes,yes,yes,no,4,4,4,3,3,5,4,8,8,8,1,0,1,1,1,0,1,1,4,4,0,2,3,1,1,1,0,1,1,0,0,0,1,4,4,4,3,3,5,0,1,1,1,324,False,False
MS,F,18,U,LE3,T,3,1,teacher,services,course,mother,1,2,0,no,yes,yes,no,yes,yes,yes,no,4,3,4,1,1,1,0,7,9,8,1,1,0,0,0,0,3,1,0,2,2,0,1,2,0,1,0,0,1,0,0,0,1,4,3,4,1,1,1,0,1,1,1,325,False,False
GP,F,15,U,GT3,T,4,4,services,teacher,other,father,1,2,1,yes,yes,no,yes,no,yes,yes,no,4,4,4,1,1,3,2,7,7,7,0,1,0,0,1,0,4,4,2,0,3,1,1,2,1,0,0,1,0,1,0,0,1,4,4,4,1,1,3,0,1,1,1,326,False,True
GP,M,16,U,LE3,A,4,4,teacher,health,reputation,mother,1,2,0,no,yes,no,no,yes,yes,no,no,4,1,3,3,5,5,18,8,6,7,0,0,0,0,0,1,4,4,0,1,1,0,1,2,0,1,0,1,1,0,0,1,1,4,1,3,3,5,5,0,1,1,1,327,False,True
GP,M,15,R,GT3,T,3,2,other,other,course,mother,2,2,2,yes,yes,no,no,yes,yes,yes,yes,4,4,4,1,4,3,6,5,9,7,0,0,0,1,1,0,3,2,4,4,2,0,2,2,2,0,0,1,1,0,0,0,0,4,4,4,1,4,3,0,0,1,1,328,False,True
GP,M,17,R,LE3,T,1,1,other,services,course,mother,4,2,3,no,no,no,yes,yes,no,no,yes,5,3,5,1,5,5,0,5,8,7,0,0,0,1,0,0,1,1,4,2,2,0,4,2,3,1,1,1,0,0,1,1,0,5,3,5,1,5,5,0,0,1,1,329,True,False
GP,F,16,U,GT3,A,3,1,services,other,course,mother,1,2,3,no,yes,yes,no,yes,yes,yes,no,2,3,3,2,2,4,5,7,7,7,0,1,0,0,1,1,3,1,2,4,2,0,1,2,3,1,0,0,1,0,0,0,1,2,3,3,2,2,4,0,1,1,1,330,True,True
GP,F,17,R,GT3,T,4,3,teacher,other,reputation,mother,2,3,0,no,yes,yes,yes,yes,yes,yes,yes,4,4,2,1,1,4,6,7,7,7,0,1,0,1,1,0,4,3,0,4,1,0,2,3,0,1,0,0,0,0,0,0,0,4,4,2,1,1,4,0,1,1,1,331,True,True
GP,F,18,R,GT3,T,3,1,other,other,reputation,mother,1,2,1,no,no,no,yes,yes,yes,yes,yes,5,3,3,1,1,4,16,9,8,7,0,1,0,1,1,0,3,1,4,4,1,0,1,2,1,1,1,1,0,0,0,0,0,5,3,3,1,1,4,0,1,1,1,332,True,True
MS,M,18,R,GT3,T,2,1,other,other,other,mother,2,1,0,no,no,no,yes,no,yes,yes,yes,4,4,3,1,3,5,5,7,6,7,1,0,0,1,1,0,2,1,4,4,3,0,2,1,0,1,1,1,0,1,0,0,0,4,4,3,1,3,5,0,1,1,1,333,False,False
MS,M,21,R,GT3,T,1,1,other,other,course,other,1,1,3,no,no,no,no,no,yes,no,no,5,5,3,3,3,3,3,10,8,7,1,0,1,1,1,0,1,1,4,4,2,2,1,1,3,1,1,1,1,1,0,1,1,5,5,3,3,3,3,0,1,1,1,334,False,False
GP,F,18,U,GT3,A,4,4,at_home,teacher,course,mother,2,2,0,yes,no,no,no,yes,yes,no,no,4,3,4,1,1,3,6,5,6,6,0,1,0,0,1,1,4,4,3,0,2,0,2,2,0,0,1,1,1,0,0,1,1,4,3,4,1,1,3,0,0,1,1,335,True,True
GP,F,17,U,GT3,T,1,1,at_home,other,course,father,1,2,0,no,yes,no,no,no,yes,yes,no,5,3,3,1,1,3,4,5,5,6,0,1,0,0,1,0,1,1,3,4,2,1,1,2,0,1,0,1,1,1,0,0,1,5,3,3,1,1,3,0,0,0,1,336,True,False
GP,F,17,U,GT3,A,4,4,other,teacher,home,mother,2,2,0,yes,yes,no,no,yes,yes,no,no,4,1,4,1,1,1,6,6,5,6,0,1,0,0,1,1,4,4,4,0,0,0,2,2,0,0,0,1,1,0,0,1,1,4,1,4,1,1,1,0,1,0,1,337,True,True
GP,F,15,U,GT3,T,2,3,other,other,other,father,2,1,0,no,yes,no,yes,yes,yes,no,no,3,5,1,1,1,5,0,8,7,6,0,1,0,0,1,0,2,3,4,4,3,1,2,1,0,1,0,1,0,0,0,1,1,3,5,1,1,1,5,0,1,1,1,338,False,True
GP,F,15,U,LE3,A,4,3,other,other,course,mother,1,2,0,yes,yes,yes,yes,yes,yes,yes,yes,5,2,2,1,1,5,8,8,8,6,0,1,0,0,0,1,4,3,4,4,2,0,1,2,0,0,0,0,0,0,0,0,0,5,2,2,1,1,5,0,1,1,1,339,False,True
GP,F,16,U,GT3,T,3,1,services,other,course,mother,1,4,0,yes,yes,yes,no,yes,yes,yes,no,4,3,3,1,2,5,4,7,7,6,0,1,0,0,1,0,3,1,2,4,2,0,1,4,0,0,0,0,1,0,0,0,1,4,3,3,1,2,5,0,1,1,1,340,True,True
GP,F,15,U,LE3,T,3,2,services,other,reputation,mother,1,2,0,no,yes,yes,no,yes,yes,yes,no,4,4,4,1,1,5,10,7,6,6,0,1,0,0,0,0,3,2,2,4,1,0,1,2,0,1,0,0,1,0,0,0,1,4,4,4,1,1,5,0,1,1,1,341,True,True
GP,F,16,U,LE3,T,2,2,at_home,other,course,mother,1,2,0,no,yes,no,no,yes,yes,no,no,4,3,4,1,2,2,4,8,7,6,0,1,0,0,0,0,2,2,3,4,2,0,1,2,0,1,0,1,1,0,0,1,1,4,3,4,1,2,2,0,1,1,1,342,True,False
GP,F,16,U,LE3,T,3,1,other,other,home,father,1,2,0,yes,yes,no,no,yes,yes,no,no,3,3,3,2,3,2,4,7,6,6,0,1,0,0,0,0,3,1,4,4,0,1,1,2,0,0,0,1,1,0,0,1,1,3,3,3,2,3,2,0,1,1,1,343,True,False
GP,F,15,U,GT3,T,3,2,services,other,home,mother,2,2,0,yes,yes,yes,no,yes,yes,yes,no,4,3,5,1,1,2,26,7,6,6,0,1,0,0,1,0,3,2,2,4,0,0,2,2,0,0,0,0,1,0,0,0,1,4,3,5,1,1,2,0,1,1,1,344,True,False
GP,M,17,U,GT3,T,3,3,other,other,reputation,father,1,2,0,no,no,no,yes,no,yes,yes,no,4,3,4,1,4,4,4,6,5,6,0,0,0,0,1,0,3,3,4,4,1,1,1,2,0,1,1,1,0,1,0,0,1,4,3,4,1,4,4,0,1,0,1,345,True,True
GP,F,17,R,GT3,T,2,2,other,other,reputation,mother,1,1,0,no,yes,no,no,yes,yes,yes,no,5,3,2,1,2,3,18,7,6,6,0,1,0,1,1,0,2,2,4,4,1,0,1,1,0,1,0,1,1,0,0,0,1,5,3,2,1,2,3,0,1,1,1,346,True,False
GP,F,17,R,GT3,T,2,1,at_home,services,reputation,mother,2,2,0,no,yes,no,yes,yes,yes,yes,no,4,2,5,1,2,5,2,6,6,6,0,1,0,1,1,0,2,1,3,2,1,0,2,2,0,1,0,1,0,0,0,0,1,4,2,5,1,2,5,0,1,1,1,347,True,True
GP,M,16,U,LE3,T,1,1,other,other,home,mother,2,2,0,no,yes,yes,no,yes,yes,yes,no,3,4,2,1,1,5,18,9,7,6,0,0,0,0,0,0,1,1,4,4,0,0,2,2,0,1,0,0,1,0,0,0,1,3,4,2,1,1,5,0,1,1,1,348,True,True
MS,F,18,R,GT3,T,4,4,teacher,at_home,reputation,mother,3,1,0,no,yes,yes,yes,yes,yes,yes,yes,4,4,3,2,2,5,7,6,5,6,1,1,0,1,1,0,4,4,0,3,1,0,3,1,0,1,0,0,0,0,0,0,0,4,4,3,2,2,5,0,1,0,1,349,True,False
GP,M,17,U,GT3,T,3,2,services,services,course,mother,1,1,3,no,yes,no,yes,yes,yes,yes,no,5,5,5,2,4,5,16,6,5,5,0,0,0,0,1,0,3,2,2,2,2,0,1,1,3,1,0,1,0,0,0,0,1,5,5,5,2,4,5,0,1,0,0,350,True,True
GP,F,15,R,GT3,T,1,1,other,other,reputation,mother,1,2,2,yes,yes,no,no,no,yes,yes,yes,3,3,4,2,4,5,2,8,6,5,0,1,0,1,1,0,1,1,4,4,1,0,1,2,2,0,0,1,1,1,0,0,0,3,3,4,2,4,5,0,1,1,0,351,True,True
GP,F,16,U,GT3,T,3,4,at_home,other,course,mother,1,2,0,no,yes,no,no,yes,yes,yes,no,2,4,3,1,2,3,12,5,5,5,0,1,0,0,1,0,3,4,3,4,2,0,1,2,0,1,0,1,1,0,0,0,1,2,4,3,1,2,3,0,0,0,0,352,False,True
GP,M,16,U,GT3,T,4,4,services,services,other,mother,1,1,0,yes,yes,yes,yes,yes,yes,yes,no,4,5,5,5,5,4,14,7,7,5,0,0,0,0,1,0,4,4,2,2,3,0,1,1,0,0,0,0,0,0,0,0,1,4,5,5,5,5,4,0,1,1,0,353,False,True
GP,M,18,R,LE3,T,3,3,other,services,course,mother,1,2,1,no,yes,no,no,yes,yes,yes,yes,4,3,3,1,3,5,8,3,5,5,0,0,0,1,0,0,3,3,4,2,2,0,1,2,1,1,0,1,1,0,0,0,0,4,3,3,1,3,5,0,0,0,0,354,True,True
MS,F,17,R,GT3,T,1,2,other,other,course,mother,1,1,0,no,no,no,yes,yes,yes,yes,no,3,5,5,1,3,1,14,6,5,5,1,1,0,1,1,0,1,2,4,4,2,0,1,1,0,1,1,1,0,0,0,0,1,3,5,5,1,3,1,0,1,0,0,355,True,False
MS,M,18,R,GT3,T,4,2,other,other,home,father,2,1,1,no,no,yes,no,yes,yes,no,no,5,4,3,4,3,3,14,6,5,5,1,0,0,1,1,0,4,2,4,4,0,1,2,1,1,1,1,0,1,0,0,1,1,5,4,3,4,3,3,0,1,0,0,356,False,True
GP,F,17,U,GT3,T,4,3,other,other,reputation,mother,1,2,2,no,no,yes,no,yes,yes,yes,yes,3,4,5,2,4,1,22,6,6,4,0,1,0,0,1,0,4,3,4,4,1,0,1,2,2,1,1,0,1,0,0,0,0,3,4,5,2,4,1,0,1,1,0,357,True,False
GP,M,18,R,GT3,T,2,2,services,other,reputation,mother,1,1,2,no,yes,no,yes,yes,yes,yes,no,3,3,3,1,2,4,0,7,4,0,0,0,0,1,1,0,2,2,2,4,1,0,1,1,2,1,0,1,0,0,0,0,1,3,3,3,1,2,4,0,1,0,0,358,False,False
GP,F,15,R,GT3,T,3,4,services,teacher,course,father,2,3,2,no,yes,no,no,yes,yes,yes,yes,4,2,2,2,2,5,0,12,0,0,0,1,0,1,1,0,3,4,2,0,2,1,2,3,2,1,0,1,1,0,0,0,0,4,2,2,2,2,5,0,2,0,0,359,False,True
GP,F,15,U,GT3,T,1,1,at_home,other,course,mother,3,1,0,no,yes,no,yes,no,yes,yes,yes,4,3,3,1,2,4,0,8,0,0,0,1,0,0,1,0,1,1,3,4,2,0,3,1,0,1,0,1,0,1,0,0,0,4,3,3,1,2,4,0,1,0,0,360,False,False
GP,M,15,R,GT3,T,3,4,at_home,teacher,course,mother,4,2,0,no,yes,no,no,yes,yes,no,yes,5,3,3,1,1,5,0,9,0,0,0,0,0,1,1,0,3,4,3,0,2,0,4,2,0,1,0,1,1,0,0,1,0,5,3,3,1,1,5,0,1,0,0,361,True,False
GP,F,15,U,GT3,T,4,4,services,at_home,course,mother,1,3,0,no,yes,no,yes,yes,yes,yes,yes,4,3,3,1,1,5,0,11,0,0,0,1,0,0,1,0,4,4,2,3,2,0,1,3,0,1,0,1,0,0,0,0,0,4,3,3,1,1,5,0,2,0,0,362,True,True
GP,M,17,R,GT3,T,3,4,at_home,other,course,mother,3,2,0,no,no,no,no,yes,yes,no,no,5,4,5,2,4,5,0,10,0,0,0,0,0,1,1,0,3,4,3,4,2,0,3,2,0,1,1,1,1,0,0,1,1,5,4,5,2,4,5,0,1,0,0,363,True,False
GP,F,16,U,GT3,A,3,3,other,other,course,other,2,1,2,no,yes,no,yes,no,yes,yes,yes,4,3,2,1,1,5,0,4,0,0,0,1,0,0,1,1,3,3,4,4,2,2,2,1,2,1,0,1,0,1,0,0,0,4,3,2,1,1,5,0,0,0,0,364,True,True
GP,M,15,U,GT3,T,4,3,teacher,services,course,father,2,4,0,yes,yes,no,no,yes,yes,yes,no,2,2,2,1,1,3,0,7,9,0,0,0,0,0,1,0,4,3,0,2,2,1,2,4,0,0,0,1,1,0,0,0,1,2,2,2,1,1,3,0,1,1,0,365,True,True
GP,M,17,U,GT3,T,2,1,other,other,home,mother,1,1,3,no,yes,no,no,yes,yes,yes,no,5,4,5,1,2,5,0,5,0,0,0,0,0,0,1,0,2,1,4,4,0,0,1,1,3,1,0,1,1,0,0,0,1,5,4,5,1,2,5,0,0,0,0,366,False,False
GP,F,15,U,GT3,T,3,2,health,services,home,father,1,2,3,no,yes,no,no,yes,yes,yes,no,3,3,2,1,1,3,0,6,7,0,0,1,0,0,1,0,3,2,1,2,0,1,1,2,3,1,0,1,1,0,0,0,1,3,3,2,1,1,3,0,1,1,0,367,False,True
GP,M,16,U,GT3,T,4,4,teacher,teacher,course,mother,1,1,0,no,yes,no,no,yes,no,yes,yes,3,3,2,2,1,5,0,7,6,0,0,0,0,0,1,0,4,4,0,0,2,0,1,1,0,1,0,1,1,0,1,0,0,3,3,2,2,1,5,0,1,1,0,368,False,False
GP,M,18,U,LE3,T,1,1,other,other,course,mother,1,1,3,no,no,no,no,yes,no,yes,yes,2,3,5,2,5,4,0,6,5,0,0,0,0,0,0,0,1,1,4,4,2,0,1,1,3,1,1,1,1,0,1,0,0,2,3,5,2,5,4,0,1,0,0,369,True,True
GP,M,19,U,GT3,T,3,2,services,at_home,home,mother,1,1,3,no,yes,no,no,yes,no,yes,yes,4,5,4,1,1,4,0,5,0,0,0,0,1,0,1,0,3,2,2,3,0,0,1,1,3,1,0,1,1,0,1,0,0,4,5,4,1,1,4,0,0,0,0,370,False,True
GP,M,17,R,LE3,T,2,1,at_home,other,course,mother,2,1,2,no,no,no,yes,yes,no,yes,yes,3,3,2,2,2,5,0,7,6,0,0,0,0,1,0,0,2,1,3,4,2,0,2,1,2,1,1,1,0,0,1,0,0,3,3,2,2,2,5,0,1,1,0,371,False,False
GP,M,16,U,LE3,T,1,2,other,other,course,mother,2,1,1,no,no,no,yes,yes,yes,no,no,4,4,4,2,4,5,0,7,0,0,0,0,0,0,0,0,1,2,4,4,2,0,2,1,1,1,1,1,0,0,0,1,1,4,4,4,2,4,5,0,1,0,0,372,False,False
GP,F,16,U,GT3,T,2,2,other,other,home,mother,1,2,0,no,yes,yes,no,no,yes,yes,no,5,1,5,1,1,4,0,6,7,0,0,1,0,0,1,0,2,2,4,4,0,0,1,2,0,1,0,0,1,1,0,0,1,5,1,5,1,1,4,0,1,1,0,373,True,True
GP,M,16,U,GT3,T,3,4,other,other,course,father,3,1,2,no,yes,no,yes,no,yes,yes,no,3,4,5,2,4,2,0,6,5,0,0,0,0,0,1,0,3,4,4,4,2,1,3,1,2,1,0,1,0,1,0,0,1,3,4,5,2,4,2,0,1,0,0,374,True,True
GP,F,16,U,GT3,T,1,3,at_home,services,home,mother,1,2,3,no,no,no,yes,no,yes,yes,yes,4,3,5,1,1,3,0,8,7,0,0,1,0,0,1,0,1,3,3,2,0,0,1,2,3,1,1,1,0,1,0,0,0,4,3,5,1,1,3,0,1,1,0,375,True,True
GP,F,17,U,GT3,T,1,1,at_home,other,reputation,mother,1,3,1,no,yes,no,yes,yes,yes,no,yes,4,3,4,1,1,5,0,6,5,0,0,1,0,0,1,0,1,1,3,4,1,0,1,3,1,1,0,1,0,0,0,1,0,4,3,4,1,1,5,0,1,0,0,376,False,False
GP,M,18,U,GT3,T,2,2,other,services,reputation,father,1,2,1,no,no,no,no,yes,no,yes,no,5,5,4,3,5,2,0,7,7,0,0,0,0,0,1,0,2,2,4,2,1,1,1,2,1,1,1,1,1,0,1,0,1,5,5,4,3,5,2,0,1,1,0,377,True,True
GP,M,16,U,LE3,T,4,3,teacher,other,course,mother,1,1,0,no,no,no,yes,no,yes,yes,no,5,4,5,1,1,3,0,6,0,0,0,0,0,0,0,0,4,3,0,4,2,0,1,1,0,1,1,1,0,1,0,0,1,5,4,5,1,1,3,0,1,0,0,378,True,True
GP,F,18,U,GT3,T,2,1,other,other,course,other,2,3,0,no,yes,yes,no,no,yes,yes,yes,4,4,4,1,1,3,0,7,0,0,0,1,0,0,1,0,2,1,4,4,2,2,2,3,0,1,0,0,1,1,0,0,0,4,4,4,1,1,3,0,1,0,0,379,True,True
GP,F,17,U,LE3,T,2,2,services,services,course,father,1,4,0,no,no,yes,yes,yes,yes,yes,yes,3,4,1,1,1,2,0,10,9,0,0,1,0,0,0,0,2,2,2,2,2,1,1,4,0,1,1,0,0,0,0,0,0,3,4,1,1,1,2,0,1,1,0,380,False,True
GP,F,18,U,GT3,T,2,2,at_home,services,home,mother,1,3,0,no,yes,yes,yes,yes,yes,yes,yes,4,3,3,1,1,3,0,9,10,0,0,1,0,0,1,0,2,2,3,2,0,0,1,3,0,1,0,0,0,0,0,0,0,4,3,3,1,1,3,0,1,1,0,381,True,True
GP,F,18,R,GT3,T,2,1,other,other,reputation,mother,2,2,0,no,yes,no,no,yes,no,yes,yes,4,3,5,1,2,3,0,6,0,0,0,1,0,1,1,0,2,1,4,4,1,0,2,2,0,1,0,1,1,0,1,0,0,4,3,5,1,2,3,0,1,0,0,382,False,True
GP,F,19,U,GT3,T,4,4,health,other,reputation,other,2,2,0,no,yes,yes,yes,yes,yes,yes,no,2,3,4,2,3,2,0,10,9,0,0,1,1,0,1,0,4,4,1,4,1,2,2,2,0,1,0,0,0,0,0,0,1,2,3,4,2,3,2,0,1,1,0,383,True,False
GP,F,19,U,LE3,T,1,2,services,services,home,other,1,2,1,no,no,no,yes,no,yes,no,yes,4,2,4,2,2,3,0,9,9,0,0,1,1,0,0,0,1,2,2,2,0,2,1,2,1,1,1,1,0,1,0,1,0,4,2,4,2,2,3,0,1,1,0,384,False,False
GP,F,18,U,GT3,T,2,1,services,other,course,mother,2,2,0,no,yes,yes,yes,yes,yes,yes,no,5,3,3,1,2,1,0,8,8,0,0,1,0,0,1,0,2,1,2,4,2,0,2,2,0,1,0,0,0,0,0,0,1,5,3,3,1,2,1,0,1,1,0,385,False,True
GP,F,18,U,GT3,T,3,3,services,services,home,mother,1,2,0,no,no,no,yes,yes,yes,yes,no,5,3,4,1,1,4,0,7,0,0,0,1,0,0,1,0,3,3,2,2,0,0,1,2,0,1,1,1,0,0,0,0,1,5,3,4,1,1,4,0,1,0,0,386,True,False
GP,F,18,U,LE3,T,2,2,other,other,home,other,1,2,0,no,no,no,yes,no,yes,yes,yes,4,3,3,1,1,2,0,8,8,0,0,1,0,0,0,0,2,2,4,4,0,2,1,2,0,1,1,1,0,1,0,0,0,4,3,3,1,1,2,0,1,1,0,387,False,False
GP,F,18,R,GT3,T,2,2,at_home,other,course,mother,2,4,0,no,no,no,yes,yes,yes,no,no,4,4,4,1,1,4,0,10,9,0,0,1,0,1,1,0,2,2,3,4,2,0,2,4,0,1,1,1,0,0,0,1,1,4,4,4,1,1,4,0,1,1,0,388,True,False
GP,F,17,U,GT3,T,3,2,other,other,home,mother,1,2,0,no,yes,yes,no,yes,yes,yes,yes,4,3,2,2,3,2,0,7,8,0,0,1,0,0,1,0,3,2,4,4,0,0,1,2,0,1,0,0,1,0,0,0,0,4,3,2,2,3,2,0,1,1,0,389,False,False
GP,M,18,U,GT3,T,4,4,teacher,services,home,father,1,2,1,no,yes,no,yes,yes,yes,yes,no,4,3,3,2,2,2,0,10,10,0,0,0,0,0,1,0,4,4,0,2,0,1,1,2,1,1,0,1,0,0,0,0,1,4,3,3,2,2,2,0,1,1,0,390,False,True
GP,F,17,U,GT3,A,2,2,at_home,at_home,home,father,1,2,1,no,yes,no,no,yes,yes,yes,yes,3,3,1,1,2,4,0,9,8,0,0,1,0,0,1,1,2,2,3,3,0,1,1,2,1,1,0,1,1,0,0,0,0,3,3,1,1,2,4,0,1,1,0,391,True,True
MS,F,17,R,GT3,T,1,1,other,services,reputation,mother,3,1,1,no,yes,yes,no,yes,yes,yes,yes,5,2,1,1,2,1,0,7,6,0,1,1,0,1,1,0,1,1,4,2,1,0,3,1,1,1,0,0,1,0,0,0,0,5,2,1,1,2,1,0,1,1,0,392,False,True
MS,M,19,R,GT3,T,1,1,other,services,other,mother,2,1,1,no,no,no,no,yes,yes,no,no,4,3,2,1,3,5,0,6,5,0,1,0,1,1,1,0,1,1,4,2,3,0,2,1,1,1,1,1,1,0,0,1,1,4,3,2,1,3,5,0,1,0,0,393,True,False
MS,F,19,R,GT3,T,2,3,services,other,course,mother,1,3,1,no,no,no,yes,no,yes,yes,no,5,4,2,1,2,5,0,7,5,0,1,1,1,1,1,0,2,3,2,4,2,0,1,3,1,1,1,1,0,1,0,0,1,5,4,2,1,2,5,0,1,0,0,394,False,True
MS,F,18,U,GT3,T,1,1,other,other,course,mother,2,2,1,no,no,no,yes,yes,yes,no,no,1,1,1,1,1,5,0,6,5,0,1,1,0,0,1,0,1,1,4,4,2,0,2,2,1,1,1,1,0,0,0,1,1,1,1,1,1,1,5,0,1,0,0,395,False,True
